materialId,plantId,supplierId,unitOfMeasure,quantityInUnitOfMeasure
10001,ABC,40001,KG,11125
10001,ABC,40001,KG,18808
10002,ABC,40002,KG,16758
10003,DEF,40003,KG,7407
10004,DEF,40003,KG,13061
10005,ABC,40004,KG,10654
10006,GHI,40005,KG,25307
10007,ABC,40006,KG,14433
10008,ABC,40007,KG,20058
10002,ABC,40002,KG,19729
10002,ABC,40002,KG,7382
10002,ABC,40002,KG,15451
10001,ABC,40001,KG,11834
10001,ABC,40001,KG,16129
10001,ABC,nan,KG,20014
10001,ABC,40001,KG,16523
10001,ABC,40001,KG,25670
10009,ABC,40008,KG,14970
10004,DEF,40003,KG,32273
10005,ABC,40009,KG,17064
10003,DEF,40003,KG,32905
10004,DEF,40003,KG,25548
10002,ABC,40002,KG,14348
10002,ABC,40002,KG,18525
10002,ABC,40002,KG,15681
10006,GHI,40010,KG,21310
10004,DEF,40003,KG,25644
10003,DEF,40003,KG,6725
10010,DEF,40011,KG,39065
10001,ABC,40001,KG,38532
10011,DEF,40012,KG,21433
10012,ABC,40013,KG,28140
10001,ABC,40001,KG,9976
10001,ABC,40001,KG,14159
10001,ABC,40001,KG,16151
10001,ABC,40001,KG,17833
10002,ABC,40002,KG,10412
10002,ABC,40002,KG,25104
10004,DEF,40003,KG,18402
10003,DEF,40003,KG,23539
10013,GHI,40014,KG,30492
10014,ABC,40015,KG,15591
10011,DEF,40012,KG,12004
10007,ABC,40016,KG,20948
10010,ABC,40011,KG,26370
10013,ABC,40017,KG,25651
10013,ABC,40017,KG,10444
10009,ABC,40008,KG,29148
10015,ABC,40018,KG,20158
10001,ABC,40001,KG,29650
10001,ABC,40001,KG,30093
10001,ABC,40001,KG,25333
10004,DEF,40003,KG,24112
10003,DEF,40003,KG,22717
10001,ABC,40001,KG,11986
10001,ABC,40001,KG,20296
10006,GHI,40005,KG,27951
10002,ABC,40002,KG,32346
10002,ABC,40002,KG,11111
10007,ABC,40006,KG,27640
10016,ABC,40019,KG,27287
10017,ABC,40019,KG,11983
10001,ABC,40001,KG,19251
10001,ABC,40001,KG,22845
10001,ABC,40001,KG,12664
10001,ABC,40001,KG,28502
10002,ABC,40002,KG,23735
10003,DEF,40003,KG,16690
10004,DEF,40003,KG,15090
10012,ABC,40013,KG,21805
10018,GHI,40003,KG,17805
10013,GHI,40020,KG,22438
10019,ABC,40019,KG,18301
10001,ABC,40001,KG,12519
10001,ABC,40001,KG,16696
10001,ABC,40001,KG,9500
10001,ABC,40001,KG,31499
10001,ABC,40001,KG,19776
10001,ABC,40001,KG,26950
10001,ABC,40001,KG,24167
10002,ABC,40002,KG,17265
10020,ABC,40021,KG,18812
10021,DEF,40022,KG,22576
10022,DEF,40023,KG,23990
10023,ABC,40024,KG,28002
10004,DEF,40003,KG,27555
10003,DEF,40003,KG,13766
10018,GHI,40003,KG,14358
10004,DEF,40003,KG,15760
10003,DEF,40003,KG,27057
10001,ABC,40001,KG,13141
10001,ABC,40001,KG,12483
10001,ABC,40001,KG,14588
10001,ABC,40001,KG,14203
10024,GHI,40025,KG,11515
10007,ABC,40026,KG,24441
10010,ABC,40011,KG,22238
10007,ABC,40027,KG,17752
10011,DEF,40012,KG,8506
10012,ABC,40013,KG,11672
10001,ABC,40001,KG,25705
10001,ABC,40001,KG,25167
10001,ABC,40001,KG,30370
10001,ABC,40001,KG,29133
10002,ABC,40002,KG,12734
10002,ABC,40002,KG,23996
10002,ABC,40002,KG,4179
10025,ABC,40019,KG,33760
10026,ABC,40028,KG,35080
10003,DEF,40003,KG,24112
10004,DEF,40003,KG,20974
10001,ABC,40001,KG,24817
10001,ABC,40001,KG,22613
10001,ABC,40001,KG,32412
10001,ABC,40001,KG,22322
10001,ABC,40001,KG,9525
10001,ABC,40001,KG,19047
10002,ABC,40002,KG,17111
10027,ABC,40019,KG,16550
10005,ABC,40009,KG,2214
10003,DEF,40003,KG,26492
10004,DEF,40003,KG,16706
10013,GHI,40017,KG,23600
10001,ABC,40001,KG,17287
10001,ABC,40001,KG,15056
10001,ABC,40001,KG,37742
10001,ABC,40001,KG,31019
10001,ABC,40001,KG,18042
10002,ABC,40002,KG,21108
10028,ABC,40019,KG,7705
10010,DEF,40011,KG,20148
10003,DEF,40003,KG,19303
10004,DEF,40003,KG,11472
10007,ABC,40029,KG,28098
10001,ABC,40001,KG,31844
10001,ABC,40001,KG,32372
10001,ABC,40001,KG,16460
10001,ABC,40001,KG,27146
10001,ABC,40001,KG,25378
10001,ABC,40001,KG,5492
10002,ABC,40002,KG,22683
10029,ABC,40019,KG,15286
10003,DEF,40003,KG,22426
10004,DEF,40003,KG,33783
10004,DEF,40003,KG,16441
10006,GHI,40010,KG,16709
10006,GHI,40005,KG,32926
10013,GHI,40020,KG,16543
10018,GHI,40003,KG,22109
10012,ABC,40013,KG,15398
10001,ABC,40001,KG,27681
10001,ABC,40001,KG,11091
10001,ABC,nan,KG,25798
10001,ABC,40001,KG,26212
10002,ABC,40002,KG,11521
10002,ABC,40002,KG,29979
10002,ABC,40002,KG,19887
10004,DEF,40003,KG,24894
10003,DEF,40003,KG,26032
10030,GHI,40025,KG,26063
10005,ABC,40004,KG,26845
10005,ABC,40030,KG,14319
10022,DEF,40023,KG,15184
10007,ABC,40006,KG,29998
10011,DEF,40012,KG,28292
10007,ABC,40016,KG,20102
10013,ABC,40017,KG,23358
10013,ABC,40017,KG,17890
10013,ABC,40017,KG,16526
10013,ABC,40017,KG,21123
10013,ABC,40017,KG,21715
10012,ABC,40013,KG,24880
10001,ABC,40001,KG,24564
10001,ABC,40001,KG,23841
10001,ABC,40001,KG,14316
10001,ABC,40001,KG,5343
10002,ABC,40002,KG,31255
10016,ABC,40019,KG,15776
10013,GHI,40017,KG,14229
10003,DEF,40003,KG,27001
10004,DEF,40003,KG,23374
10010,DEF,40011,KG,20259
10013,ABC,40014,KG,26867
10013,ABC,40017,KG,1037
10008,ABC,40007,KG,17290
10031,ABC,40024,KG,16868
10009,ABC,40008,KG,25789
10032,ABC,40031,KG,18111
10033,ABC,40031,KG,14298
10034,ABC,40031,KG,24426
10035,ABC,40032,KG,23323
10001,ABC,40001,KG,13994
10001,ABC,40001,KG,24499
10001,ABC,40001,KG,19011
10001,ABC,40001,KG,26929
10002,ABC,40002,KG,10580KG
10002,ABC,40002,KG,13423
10002,ABC,40002,KG,21352
10006,GHI,40033,KG,20829
10018,GHI,40003,KG,21946
10003,DEF,40003,KG,19006
10004,DEF,40003,KG,31137
10007,ABC,40006,KG,10306
10012,ABC,40013,KG,21573
10036,ABC,40034,KG,25801
10001,ABC,40001,KG,16609
10001,ABC,40001,KG,14521
10001,ABC,40001,KG,18068
10002,ABC,40002,KG,19297
10002,ABC,40002,KG,17188
10002,ABC,40002,KG,21429
10002,ABC,40002,KG,19677
10037,ABC,40032,KG,33254
10003,DEF,40003,KG,29090
10004,DEF,40003,KG,14404
10017,ABC,40019,KG,8408
10001,ABC,40001,KG,10809
10001,ABC,40001,KG,25601
10001,ABC,40001,KG,20312
10001,ABC,40001,KG,27966
10001,ABC,40001,KG,29827
10001,ABC,40001,KG,25948
10001,ABC,40001,KG,29048
10002,ABC,40002,KG,21813
10002,ABC,40002,KG,25980
10002,ABC,40002,KG,16012
10002,ABC,40002,KG,11452
10002,ABC,40002,KG,18153
10002,ABC,40002,KG,17522
10004,DEF,40003,KG,908
10004,DEF,40003,KG,13316
10003,DEF,40003,KG,23023
10005,ABC,40004,KG,15619
10013,GHI,40020,KG,21910
10013,GHI,40020,KG,21724
10018,GHI,40003,KG,15148
10005,ABC,40004,KG,16649
10004,DEF,40003,KG,16169
10003,DEF,40003,KG,15921
10001,ABC,40001,KG,33491
10001,ABC,40001,KG,21906
10001,ABC,40001,KG,20857
10002,ABC,40002,KG,16840
10002,ABC,40002,KG,9007
10002,ABC,40002,KG,16876
10002,ABC,40002,KG,3642
10002,ABC,40002,KG,20299
10002,ABC,40002,KG,19444
10002,ABC,40002,KG,5994
10038,ABC,40020,KG,13740
10027,ABC,40019,KG,18128
10025,ABC,40019,KG,20871
10011,DEF,40012,KG,11816
10001,ABC,40001,KG,12133
10001,ABC,40001,KG,13822
10001,ABC,40001,KG,18988
10001,ABC,40001,KG,7842
10001,ABC,40001,KG,24798
10001,ABC,40001,KG,24283
10001,ABC,40001,KG,16959
10002,ABC,40002,KG,22339
10012,ABC,40013,KG,30890
10006,GHI,40035,KG,25853
10003,DEF,40003,KG,28516
10004,DEF,40003,KG,4497
10022,DEF,40036,KG,19572
10005,ABC,40030,KG,6345
10039,ABC,40037,KG,21266
10012,ABC,40013,KG,21626
10019,ABC,40019,KG,24515
10040,ABC,40031,KG,28832
10001,ABC,40001,KG,11599
10001,ABC,40001,KG,23333
10001,ABC,40001,KG,17366
10001,ABC,40001,KG,28009
10013,ABC,40017,KG,10579
10004,DEF,40003,KG,30768
10003,DEF,40003,KG,28934
10007,ABC,40029,KG,12902
10013,ABC,40017,KG,9837
10013,ABC,40017,KG,9003
10007,ABC,40006,KG,25893
10013,ABC,40017,KG,35477
10007,ABC,40038,KG,20046
10010,ABC,40011,KG,18444
10007,ABC,40027,KG,24782
10012,ABC,40013,KG,35188
10001,ABC,40001,KG,10502
10001,ABC,40001,KG,19162
10001,ABC,40001,KG,19798
10001,ABC,40001,KG,15041
10001,ABC,40001,KG,23265
10005,ABC,40004,KG,18110
10013,GHI,40017,KG,20134
10004,DEF,40003,KG,26842
10003,DEF,40003,KG,26083
10010,DEF,40011,KG,16344
10041,ABC,40023,KG,34907
10042,ABC,40039,KG,13094
10043,ABC,40023,KG,27734
10043,ABC,40023,KG,19379
10006,GHI,40040,KG,27349
10044,GHI,40041,KG,12928
10001,ABC,40001,KG,18202
10001,ABC,40001,KG,14070
10001,ABC,40001,KG,19686
10001,ABC,40001,KG,13495
10001,ABC,40001,KG,11171
10001,ABC,nan,KG,29823
10001,ABC,40001,KG,21793
10013,ABC,40017,KG,9695
10045,ABC,40042,KG,28733
10003,DEF,40003,KG,12335
10004,DEF,40003,KG,21423
10004,DEF,40003,KG,14417
10007,ABC,40027,KG,26492
10007,ABC,40043,KG,15501
10013,GHI,40020,KG,11596
10006,GHI,40005,KG,8806
10018,GHI,40003,KG,20425
10003,DEF,40003,KG,20106
10004,DEF,40003,KG,21070
10001,ABC,40001,KG,21112
10001,ABC,40001,KG,18740
10001,ABC,40001,KG,19477
10001,ABC,40001,KG,30295
10001,ABC,40001,KG,17090
10046,ABC,40031,KG,29075
10047,ABC,40031,KG,17512
10013,ABC,40017,KG,1156
10006,GHI,40033,KG,23394
10021,DEF,40044,KG,23654
10024,GHI,40025,KG,23597
10048,ABC,40021,KG,24041
10049,ABC,40021,KG,16628
10050,ABC,40021,KG,18497
10009,ABC,40008,KG,10646
10011,DEF,40012,KG,12110
10036,ABC,40034,KG,22458
10017,ABC,40019,KG,14339
10012,ABC,40013,KG,16679
10005,ABC,40009,KG,12337
10001,ABC,40001,KG,25198
10001,ABC,40001,KG,27964
10001,ABC,40001,KG,5879
10001,ABC,40001,KG,6642
10001,ABC,40001,KG,25896
10001,ABC,40001,KG,17133
10003,DEF,40003,KG,17859
10004,DEF,40003,KG,17264
10051,ABC,40024,KG,23997
10052,GHI,40025,KG,8596
10053,GHI,40025,KG,21735
10024,GHI,40025,KG,5442
10007,ABC,40006,KG,8712
10007,ABC,40027,KG,12607
10013,GHI,40020,KG,5786
10012,ABC,40013,KG,20837
10027,ABC,40019,KG,31163
10001,ABC,40001,KG,22033
10001,ABC,40001,KG,26372
10001,ABC,40001,KG,14263
10001,ABC,40001,KG,14599
10001,ABC,40001,KG,19923
10001,ABC,40001,KG,26113
10001,ABC,40001,KG,26221
10004,DEF,40003,KG,19344
10003,DEF,40003,KG,21837
10012,ABC,40013,KG,20470
10028,ABC,40019,KG,22796
10001,ABC,40001,KG,15058
10001,ABC,40001,KG,16176
10001,ABC,40001,KG,20123
10001,ABC,40001,KG,14274
10001,ABC,40001,KG,10928
10001,ABC,40001,KG,23725
10004,DEF,40003,KG,15850
10003,DEF,40003,KG,26170
10010,DEF,40011,KG,27263
10022,DEF,40023,KG,20109
10001,ABC,40001,KG,30082
10001,ABC,40001,KG,16670
10001,ABC,40001,KG,16599
10001,ABC,40001,KG,13384
10001,ABC,40001,KG,28990
10001,ABC,40001,KG,19554
10001,ABC,40001,KG,20417
10001,ABC,40001,KG,18700
10001,ABC,40001,KG,12763
10001,ABC,40001,KG,24372
10004,DEF,40003,KG,35000
10003,DEF,40003,KG,16402
10004,DEF,40003,KG,18751
10003,DEF,40003,KG,29136
10006,GHI,40005,KG,18409
10013,GHI,40020,KG,16972
10006,GHI,40010,KG,28586
10016,ABC,40019,KG,14594
10001,ABC,40001,KG,22174
10001,ABC,40001,KG,20330
10001,ABC,40001,KG,12934
10001,ABC,40001,KG,31515
10001,ABC,40001,KG,20604
10003,DEF,40003,KG,14020
10019,ABC,40019,KG,14784
10001,ABC,40001,KG,26455
10001,ABC,40001,KG,31673
10001,ABC,40001,KG,12032
10001,ABC,40001,KG,29627
10001,ABC,40001,KG,19451
10001,ABC,40001,KG,8170
10002,ABC,40002,KG,24260
10002,ABC,40002,KG,19740
10002,ABC,40002,KG,-173
10002,ABC,40002,KG,23254
10004,DEF,40003,KG,16395
10003,DEF,40003,KG,13986
10013,GHI,40020,KG,19186
10012,ABC,40013,KG,10785
10008,ABC,40007,KG,31461
10009,ABC,40008,KG,20895
10001,ABC,40001,KG,11359
10001,ABC,40001,KG,12433
10001,ABC,40001,KG,12949
10001,ABC,40001,KG,22932
10001,ABC,40001,KG,24516
10001,ABC,40001,KG,10797
10001,ABC,40001,KG,22289
10002,ABC,40002,KG,17606
10002,ABC,40002,KG,19714
10002,ABC,40002,KG,18543
10002,ABC,40002,KG,17455
10003,DEF,40003,KG,23745
10004,DEF,40003,KG,18309
10005,ABC,40009,KG,9247
10011,DEF,40012,KG,26951
10018,GHI,40003,KG,30043
10007,ABC,40029,KG,19954
10007,ABC,40006,KG,5945
10010,ABC,40011,KG,20718
10013,GHI,40017,KG,15621
10013,ABC,40017,KG,9414
10013,ABC,40017,KG,16947
10025,ABC,40019,KG,30197
10001,ABC,40001,KG,28705
10001,ABC,40001,KG,20068
10001,ABC,40001,KG,14726
10001,ABC,40001,KG,19676
10001,ABC,40001,KG,19315
10001,ABC,40001,KG,18984
10001,ABC,40001,KG,31888
10012,ABC,40013,KG,19474
10013,ABC,40017,KG,26812
10013,ABC,40017,KG,26260
10004,DEF,40003,KG,38017
10003,DEF,40003,KG,15319
10010,DEF,40011,KG,10359
10054,ABC,40019,KG,20005
10012,ABC,40013,KG,15275
10017,ABC,40019,KG,7595
10001,ABC,40001,KG,22869
10001,ABC,40001,KG,15396
10001,ABC,40001,KG,30259
10001,ABC,40001,KG,28949
10001,ABC,40001,KG,19786
10001,ABC,40001,KG,11067
10001,ABC,40001,KG,24208
10001,ABC,40001,KG,19248
10001,ABC,40001,KG,32242
10001,ABC,40001,KG,17212
10003,DEF,40003,KG,20107
10004,DEF,40003,KG,27148
10021,DEF,40022,KG,28449
10005,ABC,40030,KG,22479
10005,ABC,40004,KG,31347
10013,GHI,40020,KG,24825
10006,GHI,40033,KG,3327
10007,ABC,40016,KG,25679
10007,ABC,40029,KG,17690
10007,ABC,40006,KG,22890
10009,ABC,40008,KG,17319
10026,ABC,40028,KG,8844
10004,DEF,40003,KG,22841
10003,DEF,40003,KG,25436
10006,GHI,40005,KG,16588
10001,ABC,40001,KG,15259
10001,ABC,40001,KG,17839
10007,ABC,40016,KG,28823
10055,ABC,40008,KG,19705
10022,DEF,40036,KG,10151
10011,DEF,40012,KG,943
10022,DEF,40023,KG,29546
10015,ABC,40018,KG,27766
10002,ABC,40002,KG,14705
10002,ABC,40002,KG,20412
10001,ABC,40001,KG,19177
10001,ABC,40001,KG,22068
10001,ABC,40001,KG,28248
10001,ABC,40001,KG,16802
10001,ABC,40001,KG,15649
10001,ABC,40001,KG,10082
10012,ABC,40013,KG,24797
10003,DEF,40003,KG,23096
10004,DEF,40003,KG,28223
10018,GHI,40003,KG,6342
10051,ABC,40024,KG,29470
10056,ABC,40045,KG,10875
10012,ABC,40013,KG,14173
10016,ABC,40019,KG,18728
10019,ABC,40019,KG,26098
10001,ABC,40001,KG,22530
10001,ABC,40001,KG,9914
10001,ABC,40001,KG,6167
10001,ABC,40001,KG,21521
10001,ABC,40001,KG,28841
10001,ABC,40001,KG,18547
10002,ABC,40002,KG,16900
10002,ABC,40002,KG,16814
10004,DEF,40003,KG,9673
10003,DEF,40003,KG,11112
10055,ABC,40008,KG,15268
10007,ABC,40027,KG,19919
10013,ABC,40017,KG,15082
10013,ABC,40017,KG,18803
10057,ABC,40020,KG,16454
10010,DEF,40011,KG,34589
10001,ABC,40001,KG,11725
10001,ABC,40001,KG,22479
10001,ABC,40001,KG,19921
10001,ABC,40001,KG,28743
10001,ABC,40001,KG,10768
10001,ABC,40001,KG,22385
10001,ABC,40001,KG,20121
10003,DEF,40003,KG,21346
10004,DEF,40003,KG,18611
10005,ABC,40009,KG,12057
10013,GHI,40020,KG,28793
10009,ABC,40008,KG,22586
10028,ABC,40019,KG,16451
10001,ABC,40001,KG,8535
10001,ABC,40001,KG,34891
10001,ABC,40001,KG,25376
10001,ABC,40001,KG,19667
10001,ABC,40001,KG,20795
10001,ABC,40001,KG,23230
10001,ABC,40001,KG,3378
10001,ABC,40001,KG,23524
10001,ABC,40001,KG,14237
10001,ABC,40001,KG,18185
10001,ABC,40001,KG,16845
10003,DEF,40003,KG,16908
10006,GHI,40033,KG,23340
10018,GHI,40003,KG,16307
10013,GHI,40020,KG,27919
10008,ABC,40007,KG,10530
10058,ABC,40019,KG,29188
10001,ABC,40001,KG,15290
10001,ABC,40001,KG,14636
10001,ABC,40001,KG,24522
10006,GHI,40046,KG,18148
10003,DEF,40003,KG,5650
10004,DEF,40003,KG,19398
10004,DEF,40003,KG,22686
10023,ABC,40024,KG,15552
10007,ABC,40026,KG,22023
10011,DEF,40012,KG,30160
10010,ABC,40011,KG,24906
10007,ABC,40006,KG,12929
10013,ABC,40014,KG,16422
10038,ABC,40020,KG,16408
10001,ABC,40001,KG,27920
10001,ABC,40001,KG,22264
10001,ABC,40001,KG,25657
10001,ABC,40001,KG,24682
10001,ABC,40001,KG,30287
10001,ABC,nan,KG,25041
10002,ABC,40002,KG,15761
10003,DEF,40003,KG,28973
10004,DEF,40003,KG,14504
10006,ABC,40035,KG,17358
10059,ABC,40047,KG,26111
10059,ABC,40047,KG,24718
10009,ABC,40008,KG,8305
10001,ABC,40001,KG,12027
10001,ABC,40001,KG,18074
10001,ABC,40001,KG,33286
10001,ABC,40001,KG,20222
10001,ABC,40001,KG,10566
10001,ABC,40001,KG,18065
10001,ABC,40001,KG,24489
10001,ABC,40001,KG,20050
10059,ABC,40047,KG,16860
10003,DEF,40003,KG,25441
10004,DEF,40003,KG,25551
10018,GHI,40003,KG,18569
10010,DEF,40011,KG,17290
10001,ABC,40001,KG,19953
10001,ABC,40001,KG,35498
10001,ABC,40001,KG,25194
10001,ABC,40001,KG,22625
10001,ABC,40001,KG,25806
10001,ABC,40001,KG,18262
10001,ABC,40001,KG,10915
10002,ABC,40002,KG,17459
10041,ABC,40023,KG,18092
10012,ABC,40013,KG,23197
10004,DEF,40003,KG,30673
10003,DEF,40003,KG,8808
10042,ABC,40039,KG,20051
10013,GHI,40020,KG,20142
10022,DEF,40023,KG,16046
10037,ABC,40032,KG,16597
10007,ABC,40006,KG,12499
10013,ABC,40017,KG,36262
10013,ABC,40017,KG,17015
10013,ABC,40014,KG,11217
10006,GHI,40033,KG,16133
10006,GHI,40005,KG,27410
10015,ABC,40018,KG,12559
10001,ABC,40001,KG,10731
10001,ABC,40001,KG,20364
10001,ABC,40001,KG,17451
10001,ABC,40001,KG,28943
10001,ABC,40001,KG,27644
10001,ABC,40001,KG,23861
10001,ABC,40001,KG,17871
10001,ABC,40001,KG,10155
10001,ABC,40001,KG,18980
10001,ABC,40001,KG,22436
10002,ABC,40002,KG,7664
10035,ABC,40032,KG,18205
10044,GHI,40041,KG,13704
10022,DEF,40023,KG,19575
10044,GHI,40041,KG,30545
10005,ABC,40030,KG,14404
10005,ABC,40004,KG,12102
10003,DEF,40003,KG,21687
10004,DEF,40003,KG,17002
10045,ABC,40042,KG,21868
10007,ABC,40038,KG,13881
10013,ABC,40017,KG,26525
10010,ABC,40011,KG,23313
10007,ABC,40016,KG,33191
10007,ABC,40038,KG,21159
10043,ABC,40023,KG,12607
10043,ABC,40023,KG,16189
10005,ABC,40030,KG,26910
10004,DEF,40003,KG,24350
10025,ABC,40019,KG,28146
10001,ABC,40001,KG,20386
10001,ABC,40001,KG,5197
10002,ABC,40002,KG,1035
10003,DEF,40003,KG,14047
10004,DEF,40003,KG,25891
10013,GHI,40017,KG,26155
10011,DEF,40012,KG,23894
10001,ABC,40001,KG,20101
10001,ABC,40001,KG,22345
10001,ABC,40001,KG,18461
10001,ABC,40001,KG,11745
10001,ABC,40001,KG,8476
10001,ABC,40001,KG,30170
10002,ABC,40002,KG,22285
10003,DEF,40003,KG,26713
10004,DEF,40003,KG,25182
10010,ABC,40011,KG,19566
10007,ABC,40029,KG,13675
10011,DEF,40012,KG,16865
10027,ABC,40019,KG,20615
10001,ABC,40001,KG,21005
10001,ABC,40001,KG,24747
10001,ABC,40001,KG,20007
10001,ABC,40001,KG,21483
10001,ABC,40001,KG,4927
10001,ABC,40001,KG,27549
10002,ABC,40002,KG,24811
10002,ABC,40002,KG,1138
10003,DEF,40003,KG,23526
10004,DEF,40003,KG,27061
10018,GHI,40003,KG,22532
10010,DEF,40011,KG,11994
10001,ABC,40001,KG,20352
10001,ABC,40001,KG,19761
10001,ABC,40001,KG,20840
10001,ABC,40001,KG,16513
10001,ABC,40001,KG,18844
10006,GHI,40005,KG,13972
10013,GHI,40020,KG,14057
10007,ABC,40027,KG,14851
10003,DEF,40003,KG,23422
10004,DEF,40003,KG,19090
10019,ABC,40019,KG,29490
10017,ABC,40019,KG,22596
10060,GHI,40048,KG,12855
10009,ABC,40008,KG,14124
10001,ABC,40001,KG,31165
10001,ABC,40001,KG,20250
10001,ABC,40001,KG,13170
10001,ABC,40001,KG,24984
10001,ABC,40001,KG,18377
10001,ABC,40001,KG,10321
10001,ABC,40001,KG,24834
10001,ABC,40001,KG,26032
10001,ABC,40001,KG,17000
10002,ABC,40002,KG,26091
10002,ABC,40002,KG,31476
10002,ABC,40002,KG,23155
10002,ABC,40002,KG,21600
10018,GHI,40003,KG,16929
10013,GHI,40020,KG,15187
10060,GHI,40048,KG,16343
10004,DEF,40003,KG,23159
10003,DEF,40003,KG,21840
10004,DEF,40003,KG,21367
10021,DEF,40044,KG,22770
10005,ABC,40004,KG,8980
10001,ABC,40001,KG,12251
10007,ABC,40006,KG,24960
10007,ABC,40006,KG,29720
10013,ABC,40017,KG,24954
10005,ABC,40009,KG,22331
10022,DEF,40023,KG,12824
10003,DEF,40003,KG,7946
10004,DEF,40003,KG,28557
10001,ABC,40001,KG,9107
10001,ABC,40001,KG,16892
10001,ABC,40001,KG,22873
10001,ABC,40001,KG,32120
10001,ABC,40001,KG,33947
10002,ABC,40002,KG,8353
10002,ABC,40002,KG,26895
10006,GHI,40033,KG,25993
10010,ABC,40011,KG,13723
10011,DEF,40012,KG,14722
10004,DEF,40003,KG,6031
10003,DEF,40003,KG,12256
10001,ABC,40001,KG,19850
10001,ABC,40001,KG,26637
10001,ABC,40001,KG,15459
10001,ABC,40001,KG,12538
10007,ABC,40049,KG,17356
10007,ABC,40016,KG,14816
10011,DEF,40012,KG,27599
10001,ABC,40001,KG,14935
10001,ABC,40001,KG,27744
10001,ABC,40001,KG,24084
10001,ABC,40001,KG,9197
10001,ABC,40001,KG,20068
10001,ABC,40001,KG,26950
10001,ABC,40001,KG,22806
10001,ABC,40001,KG,20643
10001,ABC,40001,KG,31487
10010,DEF,40011,KG,19545
10003,DEF,40003,KG,12052
10004,DEF,40003,KG,10769
10012,ABC,40013,KG,12294
10061,GHI,40050,KG,20119
10019,ABC,40019,KG,31993
10001,ABC,40001,KG,23522
10001,ABC,40001,KG,32262
10001,ABC,40001,KG,21622
10002,ABC,40002,KG,25800
10002,ABC,40002,KG,18049
10012,ABC,40013,KG,18113
10036,ABC,40051,KG,14639
10005,ABC,40009,KG,22017
10004,DEF,40003,KG,25369
10003,DEF,40003,KG,18302
10031,ABC,40024,KG,25785
10013,GHI,40020,KG,22085
10006,GHI,40010,KG,21678
10012,ABC,40013,KG,22439
10009,ABC,40008,KG,18621
10001,ABC,40001,KG,13142
10001,ABC,40001,KG,22804
10001,ABC,40001,KG,15273
10001,ABC,40001,KG,17752
10001,ABC,40001,KG,22840
10001,ABC,40001,KG,14129
10001,ABC,40001,KG,23621
10001,ABC,40001,KG,27456
10001,ABC,40001,KG,16221
10001,ABC,40001,KG,29765
10004,DEF,40003,KG,16895
10013,GHI,40020,KG,21184
10004,DEF,40003,KG,18702
10003,DEF,40003,KG,20613
10013,GHI,40020,KG,6633
10018,GHI,40003,KG,23199
10021,DEF,40022,KG,23447
10010,GHI,40011,KG,29320
10008,ABC,40007,KG,30286
10007,ABC,40006,KG,25982
10013,ABC,40017,KG,11458
10013,ABC,40017,KG,16730
10006,GHI,40033,KG,16491
10004,DEF,40003,KG,29852
10003,DEF,40003,KG,20368
10001,ABC,40001,KG,19559
10001,ABC,40001,KG,22636
10001,ABC,40001,KG,27412
10006,GHI,40005,KG,25823
10062,ABC,40052,KG,13356
10011,DEF,40012,KG,13976
10007,ABC,40006,KG,22914
10013,ABC,40017,KG,17992
10013,ABC,40017,KG,20091
10013,ABC,40017,KG,25009
10013,ABC,40017,KG,5120
10001,ABC,40001,KG,3764
10001,ABC,40001,KG,10564
10001,ABC,40001,KG,23893
10001,ABC,40001,KG,36077
10001,ABC,40001,KG,18363
10001,ABC,40001,KG,9654
10001,ABC,40001,KG,26167
10012,ABC,40013,KG,14053
10003,DEF,40003,KG,19828
10004,DEF,40003,KG,21008
10011,DEF,40012,KG,27595
10001,ABC,40001,KG,20979
10001,ABC,40001,KG,10478
10001,ABC,40001,KG,21863
10001,ABC,40001,KG,23321
10001,ABC,40001,KG,24118
10012,ABC,40013,KG,10631
10009,ABC,40008,KG,22596
10028,ABC,40019,KG,14634
10010,DEF,40011,KG,23868
10017,ABC,40019,KG,23059
10001,ABC,40001,KG,20681
10001,ABC,40001,KG,20674
10001,ABC,40001,KG,30926
10001,ABC,40001,KG,9445
10001,ABC,40001,KG,2310
10001,ABC,40001,KG,18995
10001,ABC,40001,KG,26333
10004,DEF,40003,KG,13189
10003,DEF,40003,KG,28176
10013,GHI,40020,KG,31985
10013,ABC,40017,KG,6708
10022,DEF,40053,KG,21081
10005,ABC,40030,KG,26704
10005,ABC,40009,KG,18754
10007,ABC,40027,KG,23193
10001,ABC,40001,KG,19832
10001,ABC,40001,KG,28901
10001,ABC,40001,KG,23806
10001,ABC,40001,KG,19065
10001,ABC,40001,KG,21129
10001,ABC,40001,KG,4825
10001,ABC,40001,KG,17132
10001,ABC,40001,KG,23633
10001,ABC,40001,KG,27166
10001,ABC,40001,KG,7573
10002,ABC,40002,KG,16673
10002,ABC,40002,KG,17038
10003,DEF,40003,KG,20814
10003,DEF,40003,KG,24536
10004,DEF,40003,KG,7665
10004,DEF,40003,KG,19299
10006,GHI,40033,KG,18469
10005,ABC,40030,KG,11397
10007,ABC,40006,KG,22225
10013,ABC,40017,KG,23170
10010,ABC,40011,KG,10783
10016,ABC,40019,KG,18002
10001,ABC,40001,KG,22220
10001,ABC,40001,KG,28451
10027,ABC,40019,KG,27277
10003,DEF,40003,KG,17146
10004,DEF,40003,KG,23629
10005,ABC,40004,KG,30877
10006,GHI,40046,KG,26051
10011,DEF,40012,KG,22226
10013,GHI,40017,KG,30870
10006,GHI,40005,KG,23699
10001,ABC,40001,KG,25053
10001,ABC,40001,KG,20818
10001,ABC,40001,KG,25677
10001,ABC,40001,KG,3931
10001,ABC,40001,KG,35870
10004,DEF,40003,KG,19200
10003,DEF,40003,KG,31479
10018,GHI,40003,KG,23705
10011,DEF,40012,KG,20451
10012,ABC,40013,KG,19957
10010,DEF,40011,KG,6145
10063,DEF,40034,KG,16635
10003,DEF,40003,KG,29375
10004,DEF,40003,KG,23729
10001,ABC,40001,KG,-898
10001,ABC,40001,KG,13591
10001,ABC,40001,KG,8956
10022,DEF,40036,KG,19496
10001,ABC,40001,KG,16149
10001,ABC,40001,KG,12892
10002,ABC,40002,KG,23625
10025,ABC,40019,KG,32518
10012,ABC,40013,KG,26871
10007,ABC,40016,KG,24838
10013,ABC,40017,KG,29828
10019,ABC,40019,KG,12520
10004,DEF,40003,KG,31747
10003,DEF,40003,KG,31912
10005,ABC,40030,KG,12295
10013,GHI,40017,KG,18479
10001,ABC,40001,KG,15697
10001,ABC,40001,KG,37151
10001,ABC,40001,KG,17134
10001,ABC,40001,KG,23084
10001,ABC,40001,KG,19502
10012,ABC,40013,KG,5851
10013,ABC,40017,KG,34398
10009,ABC,40008,KG,20603
10001,ABC,40001,KG,16619
10001,ABC,40001,KG,28128
10001,ABC,40001,KG,21127
10001,ABC,40001,KG,10530
10001,ABC,40001,KG,28529
10001,ABC,40001,KG,17508
10001,ABC,40001,KG,23391
10004,DEF,40003,KG,27069
10003,DEF,40003,KG,25569
10021,DEF,40044,KG,23914
10012,ABC,40013,KG,26365
10006,GHI,40033,KG,13157
10006,GHI,40010,KG,25239
10007,ABC,40029,KG,23162
10007,ABC,40006,KG,20815
10010,ABC,40011,KG,18524
10007,ABC,40026,KG,28582
10064,GHI,40054,KG,19325
10008,ABC,40007,KG,29247
10001,ABC,40001,KG,3049
10001,ABC,40001,KG,18963
10003,DEF,40003,KG,27376
10004,DEF,40003,KG,20999
10013,ABC,40017,KG,29417
10013,ABC,40017,KG,15715
10042,ABC,40039,KG,23877
10041,ABC,40023,KG,7746
10006,GHI,40005,KG,10127
10013,GHI,40020,KG,22815
10022,DEF,40023,KG,36502
10021,DEF,40044,KG,13533
10005,ABC,40004,KG,16233
10043,ABC,40023,KG,8031
10043,ABC,40023,KG,31099
10001,ABC,40001,KG,27021
10001,ABC,40001,KG,27523
10001,ABC,40001,KG,13154
10001,ABC,40001,KG,12997
10012,ABC,40013,KG,15306
10044,GHI,40041,KG,12356
10007,ABC,40038,KG,30797
10045,ABC,40042,KG,14224
10004,DEF,40003,KG,21085
10003,DEF,40003,KG,16898
10011,DEF,40012,KG,14097
10011,DEF,40012,KG,6417
10001,ABC,40001,KG,9449
10001,ABC,40001,KG,16637
10001,ABC,40001,KG,22027
10001,ABC,40001,KG,19190
10001,ABC,40001,KG,21449
10012,ABC,40013,KG,25642
10065,ABC,40019,KG,17555
10012,ABC,40013,KG,9239
10001,ABC,40001,KG,12521
10002,ABC,40002,KG,18579
10003,DEF,40003,KG,9972
10004,DEF,40003,KG,25757
10001,ABC,40001,KG,20009
10001,ABC,40001,KG,14391
10001,ABC,40001,KG,15483
10003,DEF,40003,KG,13800
10004,DEF,40003,KG,11161
10007,ABC,40016,KG,19252
10006,GHI,40033,KG,30279
10006,GHI,40010,KG,17264
10058,ABC,40019,KG,14125
10054,ABC,40019,KG,15881
10012,ABC,40013,KG,24335
10009,ABC,40008,KG,14962
10001,ABC,40001,KG,17104
10002,ABC,40002,KG,17782
10002,ABC,40002,KG,16610
10005,ABC,40004,KG,19243
10013,GHI,40017,KG,30019
10023,ABC,40024,KG,15404
10012,ABC,40013,KG,25363
10017,ABC,40019,KG,14814
10015,ABC,40018,KG,33537
10016,ABC,40019,KG,11481
10001,ABC,40001,KG,17037
10001,ABC,40001,KG,25009
10001,ABC,40001,KG,20523
10001,ABC,40001,KG,21544
10001,ABC,40001,KG,31207
10007,ABC,40006,KG,29005
10013,ABC,40017,KG,27584
10004,DEF,40003,KG,15239
10003,DEF,40003,KG,22621
10012,ABC,40013,KG,26653
10002,ABC,40002,KG,16516
10002,ABC,40002,KG,22347
10001,ABC,40001,KG,23707
10001,ABC,40001,KG,19659
10013,ABC,40017,KG,14720
10010,DEF,40011,KG,14078
10028,ABC,40019,KG,18792
10003,DEF,40003,KG,17139
10004,DEF,40003,KG,18910
10066,GHI,40025,KG,13069
10001,ABC,40001,KG,6862
10001,ABC,40001,KG,30219
10001,ABC,40001,KG,10576
10001,ABC,40001,KG,9793
10012,ABC,40013,KG,22382
10003,DEF,40003,KG,27319
10004,DEF,40003,KG,16739
10063,ABC,40034,KG,14004
10006,GHI,40005,KG,21286
10022,DEF,40023,KG,30649
10051,ABC,40024,KG,3968
10013,GHI,40020,KG,28807
10049,ABC,40021,KG,15900
10050,ABC,40021,KG,16266
10048,ABC,40021,KG,11162
10007,ABC,40029,KG,13579
10007,ABC,40006,KG,27286
10010,ABC,40011,KG,19236
10002,ABC,40002,KG,16275
10001,ABC,40001,KG,31379
10012,ABC,40013,KG,19114
10005,ABC,40030,KG,29356
10007,ABC,40016,KG,4248
10013,ABC,40017,KG,16547
10035,ABC,40032,KG,16796
10012,ABC,40013,KG,5989
10011,DEF,40012,KG,21453
10001,ABC,40001,KG,18603
10001,ABC,40001,KG,18568
10004,DEF,40003,KG,20872
10003,DEF,40003,KG,11895
10026,ABC,40028,KG,7740
10013,GHI,40017,KG,26848
10001,ABC,40001,KG,23438
10001,ABC,40001,KG,28219
10002,ABC,40002,KG,23808
10012,ABC,40013,KG,20503
10026,ABC,40028,KG,18615
10003,DEF,40003,KG,10805
10004,DEF,40003,KG,15970
10006,GHI,40033,KG,15495
10013,GHI,40020,KG,24123
10008,ABC,40007,KG,14282
10001,ABC,40001,KG,17831
10001,ABC,40001,KG,29769
10001,ABC,40001,KG,23167
10003,DEF,40003,KG,29306
10004,DEF,40003,KG,20963
10005,ABC,40004,KG,17533
10001,ABC,40001,KG,35664
10013,ABC,40017,KG,32743
10013,ABC,40017,KG,11881
10018,GHI,40003,KG,15478
10011,DEF,40012,KG,18725
10013,GHI,40017,KG,29422
10012,ABC,40013,KG,27605
10001,ABC,40001,KG,13040
10001,ABC,40001,KG,16552
10002,ABC,40002,KG,17187
10010,ABC,40011,KG,20499
10013,ABC,40017,KG,19580
10006,GHI,40005,KG,24936
10007,ABC,40016,KG,19659
10022,DEF,40023,KG,20085
10001,ABC,40001,KG,9977
10001,ABC,40001,KG,29740
10002,ABC,40002,KG,24018
10012,ABC,40013,KG,24026
10004,DEF,40003,KG,20069
10003,DEF,40003,KG,18278
10039,ABC,40037,KG,2948
10013,ABC,40017,KG,11939
10013,GHI,40017,KG,10103
10012,ABC,40013,KG,9185
10001,ABC,40001,KG,22324
10001,ABC,40001,KG,32213
10004,DEF,40003,KG,14851
10003,DEF,40003,KG,13480
10007,ABC,40006,KG,8846
10001,ABC,40001,KG,18571
10001,ABC,40001,KG,23301
10001,ABC,40001,KG,14237
10013,GHI,40017,KG,11309
10013,GHI,40017,KG,24917
10006,GHI,40005,KG,22266
10005,ABC,40009,KG,28012
10007,ABC,40016,KG,19945
10010,ABC,40011,KG,23987
10024,GHI,40025,KG,10646
10067,GHI,40025,KG,29395
10068,GHI,40025,KG,20972
10012,ABC,40013,KG,10656
10013,GHI,40017,KG,14539
10009,ABC,40008,KG,11518
10012,ABC,40013,KG,8278
10012,ABC,40013,KG,22733
10012,ABC,40013,KG,20215
10007,ABC,40029,KG,26602
10013,ABC,40017,KG,18832
10001,ABC,40001,KG,19411
10002,ABC,40002,KG,7493
10003,DEF,40003,KG,18228
10004,DEF,40003,KG,21786
10013,ABC,40017,KG,21012
10011,DEF,40012,KG,806
10013,GHI,40020,KG,14592
10006,GHI,40010,KG,21804
10025,ABC,40019,KG,17998
10001,ABC,40001,KG,23683
10021,DEF,40044,KG,16682
10069,ABC,40055,KG,33955
10003,DEF,40003,KG,20435
10004,DEF,40003,KG,21454
10005,ABC,40004,KG,23577
10010,ABC,40011,KG,28502
10041,ABC,40023,KG,14406
10013,GHI,40017,KG,21411
10043,ABC,40023,KG,22790
10043,ABC,40023,KG,18769
10042,ABC,40039,KG,30046
10044,GHI,40041,KG,6500
10001,ABC,40001,KG,26656
10001,ABC,40001,KG,27151
10019,ABC,40019,KG,25636
10027,ABC,40019,KG,16252
10045,ABC,40042,KG,15100
10056,ABC,40045,KG,32063
10007,ABC,40006,KG,13166
10007,ABC,40006,KG,25807
10013,ABC,40017,KG,16269
10003,DEF,40003,KG,17752
10004,DEF,40003,KG,15447
10036,ABC,40051,KG,11285
10022,DEF,40023,KG,19452
10006,GHI,40035,KG,14979
10007,ABC,40006,KG,21182
10006,GHI,40033,KG,15220
10001,ABC,40001,KG,22993
10002,ABC,40002,KG,31604
10008,ABC,40007,KG,15707
10012,ABC,40013,KG,14027
10003,DEF,40003,KG,25783
10004,DEF,40003,KG,18740
10010,ABC,40011,KG,15880
10013,GHI,40020,KG,18104
10013,GHI,40017,KG,21447
10001,ABC,40001,KG,30427
10012,ABC,40013,KG,27352
10037,ABC,40032,KG,26286
10013,ABC,40017,KG,17997
10036,ABC,40051,KG,8397
10028,ABC,40019,KG,21581
10012,ABC,40013,KG,15365
10001,ABC,40001,KG,31291
10004,DEF,40003,KG,11915
10003,DEF,40003,KG,14360
10013,GHI,40020,KG,30399
10001,ABC,40001,KG,13021
10001,ABC,40001,KG,19188
10013,ABC,40017,KG,32245
10007,ABC,40016,KG,21877
10004,DEF,40003,KG,18883
10003,DEF,40003,KG,21009
10007,ABC,40006,KG,24266
10006,GHI,40005,KG,19667
10001,ABC,40001,KG,8719
10001,ABC,40001,KG,28553
10001,ABC,40001,KG,12502
10010,ABC,40011,KG,26516
10007,ABC,40027,KG,15400
10022,DEF,40023,KG,12075
10067,GHI,40025,KG,16519
10001,ABC,40001,KG,24785
10001,ABC,40001,KG,24907
10009,ABC,40008,KG,11567
10003,DEF,40003,KG,6652
10004,DEF,40003,KG,9785
10013,ABC,40017,KG,19824
10013,ABC,40017,KG,15218
10017,ABC,40019,KG,26581
10013,GHI,40020,KG,7602
10001,ABC,40001,KG,6673
10001,ABC,40001,KG,1621
10001,ABC,40001,KG,33288
10004,DEF,40003,KG,30397
10003,DEF,40003,KG,27403
10005,ABC,40009,KG,22800
10001,ABC,40001,KG,20594
10001,ABC,40001,KG,17764
10019,ABC,40019,KG,6909
10003,DEF,40003,KG,20292
10004,DEF,40003,KG,29184
10006,GHI,40005,KG,21242
10007,ABC,40026,KG,22661
10013,ABC,40017,KG,14933
10010,DEF,40011,KG,19233
10070,ABC,40056,KG,17673
10027,ABC,40019,KG,13046
10001,ABC,40001,KG,13249
10001,ABC,40001,KG,25026
10001,ABC,40001,KG,33651
10001,ABC,40001,KG,14635
10001,ABC,40001,KG,27453
10003,DEF,40003,KG,23732
10003,DEF,40003,KG,28710
10004,DEF,40003,KG,24539
10005,ABC,40030,KG,25718
10001,ABC,40001,KG,21788
10003,DEF,40003,KG,9656
10004,DEF,40003,KG,12100
10013,GHI,40020,KG,20061
10001,ABC,40001,KG,3979
10001,ABC,40001,KG,25288
10001,ABC,40001,KG,22524
10001,ABC,40001,KG,19944
10001,ABC,40001,KG,15567
10003,DEF,40003,KG,13579
10004,DEF,40003,KG,24280
10011,DEF,40012,KG,22875
10007,ABC,40038,KG,13354
10007,ABC,40006,KG,20068
10010,ABC,40011,KG,20000
10013,ABC,40017,KG,24219
10013,ABC,40017,KG,19039
10006,GHI,40033,KG,22935
10013,GHI,40020,KG,25470
10001,ABC,40001,KG,20001
10001,ABC,40001,KG,17598
10001,ABC,40001,KG,6587
10001,ABC,40001,KG,15497
10001,ABC,40001,KG,13363
10016,ABC,40019,KG,19192
10012,ABC,40057,KG,29571
10012,ABC,40057,KG,18944
10004,DEF,40003,KG,20079
10003,DEF,40003,KG,22934
10022,DEF,40023,KG,24909
10005,ABC,40004,KG,25283
10001,ABC,40001,KG,24656
10001,ABC,40001,KG,30188
10001,ABC,40001,KG,24393
10001,ABC,40001,KG,27765
10013,GHI,40020,KG,14566
10013,GHI,40020,KG,21203
10006,GHI,40027,KG,28644
10013,GHI,40020,KG,22832
10013,GHI,40020,KG,25422
10009,ABC,40008,KG,23234
10008,ABC,40007,KG,18597
10011,DEF,40012,KG,16476
10001,ABC,40001,KG,17182
10001,ABC,40001,KG,15623
10001,ABC,40001,KG,27940
10012,ABC,40057,KG,16446
10003,DEF,40003,KG,27375
10013,GHI,40017,KG,19924
10036,ABC,40051,KG,21316
10004,DEF,40003,KG,13510
10007,ABC,40029,KG,21851
10007,ABC,40006,KG,18423
10010,ABC,40011,KG,28763
10025,ABC,40019,KG,24625
10027,ABC,40019,KG,20572
10006,GHI,40035,KG,15180
10023,ABC,40024,KG,21564
10031,ABC,40024,KG,19248
10035,ABC,40032,KG,23247
10049,ABC,40021,KG,24409
10048,ABC,40021,KG,26661
10050,ABC,40021,KG,17123
10006,GHI,40027,KG,10080
10004,DEF,40003,KG,10426
10003,DEF,40003,KG,17936
10001,ABC,40001,KG,23918
10001,ABC,40001,KG,17142
10013,ABC,40017,KG,31790
10005,ABC,40030,KG,15687
10041,ABC,40023,KG,17574
10042,ABC,40039,KG,11249
10021,DEF,40022,KG,8186
10043,ABC,40023,KG,25764
10043,ABC,40023,KG,17085
10006,GHI,40058,KG,20267
10006,GHI,40005,KG,16352
10044,GHI,40041,KG,34435
10001,ABC,40001,KG,15909
10001,ABC,40001,KG,22231
10001,ABC,40001,KG,32791
10001,ABC,40001,KG,15532
10012,ABC,40057,KG,19970
10005,ABC,40009,KG,12130
10013,GHI,40017,KG,21543
10022,DEF,40023,KG,7627
10007,ABC,40006,KG,21539
10013,ABC,40017,KG,23882
10013,ABC,40017,KG,24599
10003,DEF,40003,KG,19942
10003,DEF,40003,KG,19413
10004,DEF,40003,KG,12726
10045,ABC,40042,KG,21053
10009,ABC,40008,KG,25904
10051,ABC,40024,KG,9113
10013,GHI,40017,KG,24099
10012,ABC,40057,KG,5673
10001,ABC,40001,KG,13627
10011,DEF,40012,KG,17052
10001,ABC,40001,KG,18080
10012,ABC,40057,KG,23746
10003,DEF,40003,KG,15666
10004,DEF,40003,KG,20573
10007,ABC,40016,KG,23465
10001,ABC,40001,KG,7283
10001,ABC,40001,KG,27632
10006,GHI,40033,KG,16000
10013,GHI,40017,KG,32694
10007,ABC,40006,KG,19798
10007,ABC,40038,KG,9918
10010,ABC,40011,KG,24079
10001,ABC,40001,KG,14461
10012,ABC,40057,KG,31858
10003,DEF,40003,KG,11770
10004,DEF,40003,KG,15230
10013,GHI,40017,KG,13626
10022,DEF,40023,KG,26464
10001,ABC,40001,KG,14884
10012,ABC,40057,KG,24368
10017,ABC,40019,KG,21667
10006,GHI,40010,KG,23900
10001,ABC,40001,KG,17611
10001,ABC,40001,KG,13791
10028,ABC,40019,KG,18504
10009,ABC,40008,KG,8512
10003,DEF,40003,KG,20313
10004,DEF,40003,KG,16592
10006,GHI,40005,KG,7196
10013,GHI,40020,KG,29654
10005,ABC,40009,KG,9498
10005,ABC,40004,KG,28510
10012,ABC,40057,KG,31393
10007,ABC,40006,KG,15163
10013,ABC,40017,KG,20674
10013,ABC,40017,KG,19683
10013,ABC,40017,KG,23858
10006,GHI,40040,KG,24391
10013,GHI,40020,KG,23723
10001,ABC,40001,KG,25016
10016,ABC,40019,KG,24970
10011,DEF,40012,KG,17257
10004,DEF,40003,KG,17154
10003,DEF,40003,KG,28565
10012,ABC,40057,KG,27554
10013,GHI,40020,KG,14180
10001,ABC,40001,KG,24033
10001,ABC,40001,KG,20376
10001,ABC,40001,KG,22951
10007,ABC,40029,KG,20290
10010,ABC,40011,KG,24260
10067,GHI,40025,KG,7763
10024,GHI,40025,KG,22114
10068,GHI,40025,KG,29862
10001,ABC,40001,KG,36020
10001,ABC,40001,KG,5596
10001,ABC,40001,KG,13964
10012,ABC,40057,KG,12958
10004,DEF,40003,KG,18898
10003,DEF,40003,KG,28890
10006,GHI,40040,KG,13666
10008,ABC,40007,KG,15618
10022,DEF,40023,KG,21211
10019,ABC,40019,KG,19159
10030,GHI,40025,KG,14663
10071,ABC,40020,KG,27174
10071,ABC,40020,KG,17957
10001,ABC,40001,KG,43811
10001,ABC,40001,KG,14030
10001,ABC,40001,KG,8756
10001,ABC,40001,KG,20921
10001,ABC,40001,KG,11157
10007,ABC,40026,KG,9014
10012,ABC,40057,KG,16171
10007,ABC,40006,KG,25396
10013,GHI,40020,KG,27936
10007,ABC,40006,KG,8088
10006,GHI,40035,KG,16000
10011,DEF,40012,KG,29512
10001,ABC,40001,KG,23468
10001,ABC,40001,KG,16095
10001,ABC,40001,KG,13682
10009,ABC,40008,KG,24169
10005,ABC,40030,KG,23106
10005,ABC,40004,KG,9905
10003,DEF,40003,KG,13941
10004,DEF,40003,KG,21465
10013,GHI,40020,KG,22577
10039,ABC,40059,KG,13294
10001,ABC,40001,KG,12679
10001,ABC,40001,KG,15904
10012,ABC,40057,KG,19656
10004,DEF,40003,KG,26382
10003,DEF,40003,KG,17070
10017,ABC,40019,KG,24147
10001,ABC,40001,KG,23026
10001,ABC,40001,KG,16405
10006,GHI,40033,KG,25090
10004,DEF,40003,KG,24747
10003,DEF,40003,KG,13602
10001,ABC,40001,KG,19943
10001,ABC,40001,KG,7130
10056,ABC,40045,KG,26465
10012,ABC,40057,KG,12938
10003,DEF,40003,KG,17761
10004,DEF,40003,KG,13739
10022,DEF,40023,KG,25695
10013,ABC,40017,KG,24837
10006,GHI,40005,KG,18207
10013,GHI,40020,KG,9248
10001,ABC,40001,KG,10023
10001,ABC,40001,KG,17676
10001,ABC,40001,KG,6332
10010,ABC,40011,KG,18514
10043,ABC,40023,KG,18021
10043,ABC,40023,KG,19407
10013,ABC,40017,KG,22805
10012,ABC,40057,KG,7482
10041,ABC,40023,KG,22671
10042,ABC,40039,KG,18773
10025,ABC,40019,KG,31936
10005,ABC,40030,KG,18473
10001,ABC,40001,KG,15388
10001,ABC,40001,KG,17016
10001,ABC,40001,KG,22037
10001,ABC,40001,KG,18295
10051,ABC,40024,KG,19960
10013,GHI,40017,KG,25690
10010,ABC,40011,KG,19720
10007,ABC,40006,KG,27753
10013,ABC,40017,KG,31232
10045,ABC,40042,KG,33751
10003,DEF,40003,KG,17609
10044,GHI,40041,KG,26736
10004,DEF,40003,KG,10431
10039,ABC,40037,KG,24866
10011,DEF,40012,KG,17570
10019,ABC,40019,KG,17559
10001,ABC,40001,KG,10413
10001,ABC,40001,KG,25555
10001,ABC,40001,KG,14770
10001,ABC,40001,KG,21824
10004,DEF,40003,KG,19648
10003,DEF,40003,KG,11409
10027,ABC,40019,KG,23770
10001,ABC,40001,KG,27550
10001,ABC,40001,KG,27168
10001,ABC,40001,KG,21939
10001,ABC,40001,KG,23757
10003,DEF,40003,KG,18751
10004,DEF,40003,KG,13667
10001,ABC,40001,KG,24408
10001,ABC,40001,KG,16161
10001,ABC,40001,KG,23528
10001,ABC,40001,KG,11995
10004,DEF,40003,KG,17325
10003,DEF,40003,KG,20178
10001,ABC,40001,KG,13193
10009,ABC,40008,KG,26340
10010,ABC,40011,KG,17445
10007,ABC,40006,KG,13544
10007,ABC,40016,KG,14745
10013,ABC,40017,KG,15180
10013,ABC,40017,KG,31262
10003,DEF,40003,KG,12449
10004,DEF,40003,KG,24326
10022,DEF,40023,KG,28370
10001,ABC,40001,KG,22121
10001,ABC,40001,KG,18933
10001,ABC,40001,KG,9316
10001,ABC,40001,KG,22326
10013,GHI,40020,KG,17352
10006,GHI,40005,KG,18935
10004,DEF,40003,KG,18746
10003,DEF,40003,KG,33622
10021,DEF,40044,KG,26291
10001,ABC,40001,KG,9342
10001,ABC,40001,KG,23560
10001,ABC,40001,KG,10061
10001,ABC,40001,KG,19370
10003,DEF,40003,KG,26998
10004,DEF,40003,KG,14687
10007,ABC,40006,KG,24117
10027,ABC,40019,KG,29917
10001,ABC,40001,KG,27490
10001,ABC,40001,KG,26777
10001,ABC,40001,KG,12080
10001,ABC,40001,KG,20068
10001,ABC,40001,KG,26145
10057,ABC,40020,KG,18734
10003,DEF,40003,KG,8046
10004,DEF,40003,KG,17665
10001,ABC,40001,KG,6036
10001,ABC,40001,KG,18101
10001,ABC,40001,KG,13133
10001,ABC,40001,KG,19722
10001,ABC,40001,KG,25770
10003,DEF,40003,KG,10399
10004,DEF,40003,KG,14061
10001,ABC,40001,KG,21149
10001,ABC,40001,KG,26886
10001,ABC,40001,KG,34262
10001,ABC,40001,KG,27211
10002,ABC,40002,KG,24895
10007,ABC,40029,KG,15438
10013,ABC,40017,KG,13955
10049,ABC,40021,KG,7693
10048,ABC,40021,KG,24349
10050,ABC,40021,KG,21115
10013,GHI,40020,KG,34751
10006,GHI,40005,KG,25148
10018,GHI,40003,KG,15104
10001,ABC,40001,KG,25134
10001,ABC,40001,KG,14399
10001,ABC,40001,KG,17491
10004,DEF,40003,KG,14571
10003,DEF,40003,KG,16796
10013,GHI,40020,KG,30379
10011,DEF,40012,KG,5966
10001,ABC,40001,KG,30906
10001,ABC,40001,KG,18769
10001,ABC,40001,KG,35782
10001,ABC,40001,KG,21529
10001,ABC,40001,KG,23654
10009,ABC,40008,KG,12551
10005,ABC,40004,KG,21645
10005,ABC,40009,KG,22810
10003,DEF,40003,KG,23532
10004,DEF,40003,KG,21438
10010,DEF,40011,KG,17661
10031,ABC,40024,KG,27967
10023,ABC,40024,KG,16451
10058,ABC,40019,KG,18602
10028,ABC,40019,KG,25857
10001,ABC,40001,KG,26441
10001,ABC,40001,KG,35119
10001,ABC,40001,KG,15095
10001,ABC,40001,KG,28611
10001,ABC,40001,KG,20205
10001,ABC,40001,KG,23223
10001,ABC,40001,KG,10893
10001,ABC,40001,KG,26012
10001,ABC,40001,KG,24014
10001,ABC,40001,KG,16118
10004,DEF,40003,KG,21583
10003,DEF,40003,KG,27190
10008,ABC,40007,KG,26842
10017,ABC,40019,KG,25840
10001,ABC,40001,KG,11706
10001,ABC,40001,KG,16574
10001,ABC,40001,KG,20566
10001,ABC,40001,KG,6215
10001,ABC,40001,KG,14075
10001,ABC,40001,KG,33053
10001,ABC,40001,KG,17768
10001,ABC,40001,KG,14583
10003,DEF,40003,KG,9197
10004,DEF,40003,KG,8135
10007,ABC,40006,KG,39451
10013,ABC,40017,KG,2436
10013,ABC,40017,KG,27428
10007,ABC,40027,KG,25083
10013,ABC,40017,KG,11788
10022,DEF,40023,KG,23435
10022,DEF,40023,KG,27941
10005,ABC,40030,KG,24717
10001,ABC,40001,KG,21540
10001,ABC,40001,KG,10157
10001,ABC,40001,KG,13100
10001,ABC,40001,KG,19096
10001,ABC,40001,KG,9528
10001,ABC,40001,KG,18916
10001,ABC,40001,KG,30132
10001,ABC,40001,KG,17065
10001,ABC,40001,KG,17579
10001,ABC,40001,KG,8776
10001,ABC,40001,KG,28348
10001,ABC,40001,KG,11947
10001,ABC,40001,KG,14908
10003,DEF,40003,KG,17850
10004,DEF,40003,KG,14339
10072,ABC,40001,KG,17315
10072,ABC,40001,KG,19786
10006,ABC,40035,KG,23102
10016,ABC,40019,KG,19650
10001,ABC,40001,KG,14830
10001,ABC,40001,KG,21339
10001,ABC,40001,KG,16113
10001,ABC,40001,KG,16450
10001,ABC,40001,KG,21448
10072,ABC,40001,KG,16189
10072,ABC,40001,KG,15520
10072,ABC,40001,KG,30780
10004,DEF,40003,KG,26956
10003,DEF,40003,KG,27705
10005,ABC,40030,KG,23130
10019,ABC,40019,KG,24982
10013,ABC,40017,KG,20042
10013,ABC,40017,KG,29984
10007,ABC,40010,KG,33846
10011,DEF,40012,KG,21826
10001,ABC,40001,KG,24231
10001,ABC,40001,KG,24924
10001,ABC,40001,KG,32026
10001,ABC,40001,KG,15990
10001,ABC,40001,KG,20893
10001,ABC,40001,KG,9413
10001,ABC,40001,KG,20894
10001,ABC,40001,KG,25761
10001,ABC,40001,KG,24871
10072,ABC,40001,KG,27760
10072,ABC,40001,KG,16090
10072,ABC,40001,KG,21066
10072,ABC,40001,KG,15334
10003,DEF,40003,KG,10150
10004,DEF,40003,KG,18154
10010,DEF,40060,KG,23109
10007,ABC,40038,KG,25624
10013,ABC,40017,KG,29394
10001,ABC,40001,KG,17850
10001,ABC,40001,KG,28562
10001,ABC,40001,KG,16132
10001,ABC,40001,KG,21156
10001,ABC,40001,KG,26498
10001,ABC,40001,KG,15127
10001,ABC,40001,KG,15336
10001,ABC,40001,KG,33499
10001,ABC,40001,KG,18956
10001,ABC,40001,KG,28338
10001,ABC,40001,KG,27884
10072,ABC,40001,KG,15203
10072,ABC,40001,KG,8626
10025,ABC,40019,KG,20056
10027,ABC,40019,KG,23937
10003,DEF,40003,KG,22102
10004,DEF,40003,KG,15424
10007,ABC,40006,KG,21929
10021,DEF,40022,KG,8512
10018,GHI,40003,KG,23352
10006,GHI,40040,KG,12470
10001,ABC,40001,KG,9066
10001,ABC,40001,KG,12687
10001,ABC,40001,KG,28663
10001,ABC,40001,KG,22505
10001,ABC,40001,KG,24478
10001,ABC,40001,KG,23195
10001,ABC,40001,KG,29372
10001,ABC,40001,KG,13615
10001,ABC,40001,KG,20464
10001,ABC,40001,KG,18982
10072,ABC,40001,KG,17046
10072,ABC,40001,KG,18581
10072,ABC,40001,KG,15632
10072,ABC,40001,KG,18961
10072,ABC,40001,KG,26698
10003,DEF,40003,KG,18961
10004,DEF,40003,KG,28622
10001,ABC,40001,KG,11482
10001,ABC,40001,KG,20302
10001,ABC,40001,KG,14962
10001,ABC,40001,KG,14895
10001,ABC,40001,KG,18034
10001,ABC,40001,KG,15936
10001,ABC,40001,KG,23001
10001,ABC,40001,KG,9149
10001,ABC,40001,KG,34377
10001,ABC,40001,KG,24182
10072,ABC,40001,KG,16567
10072,ABC,40001,KG,17580
10072,ABC,40001,KG,3071
10072,ABC,40001,KG,33354
10005,ABC,40009,KG,2849
10005,ABC,40030,KG,29505
10017,ABC,40019,KG,17158
10003,DEF,40003,KG,26300
10004,DEF,40003,KG,13168
10007,ABC,40006,KG,8219
10013,ABC,40017,KG,12932
10006,GHI,40005,KG,17256
10013,GHI,40020,KG,20228
10013,GHI,40020,KG,13697
10018,GHI,40003,KG,17241
10022,DEF,40053,KG,10718
10001,ABC,40001,KG,18708
10001,ABC,40001,KG,31073
10072,ABC,40001,KG,9280
10072,ABC,40001,KG,32114
10072,ABC,40001,KG,24613
10072,ABC,40001,KG,16178
10007,ABC,40027,KG,18461
10003,DEF,40003,KG,15981
10004,DEF,40003,KG,20612
10013,ABC,40017,KG,30902
10013,ABC,40017,KG,32969
10036,ABC,40051,KG,24344
10011,DEF,40012,KG,15008
10001,ABC,40001,KG,26685
10001,ABC,40001,KG,30782
10001,ABC,40001,KG,15750
10001,ABC,40001,KG,25889
10001,ABC,40001,KG,16799
10001,ABC,40001,KG,11270
10072,ABC,40001,KG,10426
10072,ABC,40001,KG,18068
10072,ABC,40001,KG,21237
10072,ABC,40001,KG,24827
10072,ABC,40001,KG,13572
10073,ABC,40061,KG,21285
10073,ABC,40061,KG,17338
10038,ABC,40062,KG,27002
10004,DEF,40003,KG,21789
10003,DEF,40003,KG,7685
10002,ABC,40002,KG,22724
10001,ABC,40001,KG,8699
10001,ABC,40001,KG,11783
10001,ABC,40001,KG,18623
10001,ABC,40001,KG,29462
10001,ABC,40001,KG,22122
10001,ABC,40001,KG,15628
10001,ABC,40001,KG,15864
10072,ABC,40001,KG,20411
10072,ABC,40001,KG,29158
10072,ABC,40001,KG,21521
10072,ABC,40001,KG,20805
10072,ABC,40001,KG,10476
10073,ABC,40061,KG,25022
10003,DEF,40003,KG,20918
10004,DEF,40003,KG,11473
10007,ABC,40006,KG,24219
10013,ABC,40017,KG,24508
10001,ABC,40001,KG,13925
10001,ABC,40001,KG,20360
10001,ABC,40001,KG,16849
10001,ABC,40001,KG,20214
10072,ABC,40001,KG,12733
10072,ABC,40001,KG,21849
10072,ABC,40001,KG,24443
10072,ABC,40001,KG,20865
10072,ABC,40001,KG,14254
10074,ABC,40001,KG,26283
10073,ABC,40061,KG,11814
10038,ABC,40020,KG,19267
10013,GHI,40014,KG,10929
10003,DEF,40003,KG,7322
10004,DEF,40003,KG,17549
10042,ABC,40039,KG,20257
10041,ABC,40023,KG,20636
10006,GHI,40005,KG,16993
10001,ABC,40001,KG,25338
10001,ABC,40001,KG,31244
10001,ABC,40001,KG,14242
10001,ABC,40001,KG,29009
10005,ABC,40004,KG,20909
10001,ABC,40001,KG,17621
10001,ABC,40001,KG,9675
10001,ABC,40001,KG,37079
10043,ABC,40023,KG,35781
10001,ABC,40001,KG,21257
10043,ABC,40023,KG,13030
10072,ABC,40001,KG,8443
10072,ABC,40001,KG,16296
10072,ABC,40001,KG,27598
10072,ABC,40001,KG,18182
10072,ABC,40001,KG,17884
10072,ABC,40001,KG,16072
10072,ABC,40001,KG,12328
10072,ABC,40001,KG,15076
10072,ABC,40001,KG,21729
10072,ABC,40001,KG,22967
10074,ABC,40001,KG,10537
10001,ABC,40001,KG,17239
10013,ABC,40017,KG,21375
10073,ABC,40061,KG,19772
10045,ABC,40042,KG,17877
10044,GHI,40041,KG,16225
10004,DEF,40003,KG,19014
10003,DEF,40003,KG,23746
10010,DEF,40011,KG,24713
10037,ABC,40032,KG,18131
10008,ABC,40007,KG,30325
10001,ABC,40001,KG,24102
10001,ABC,40001,KG,18865
10001,ABC,40001,KG,6785
10001,ABC,40001,KG,15218
10001,ABC,40001,KG,19453
10072,ABC,40001,KG,24486
10072,ABC,40001,KG,30103
10074,ABC,40001,KG,11995
10075,ABC,40002,KG,10070
10075,ABC,40002,KG,23028
10072,ABC,40001,KG,20735
10007,ABC,40027,KG,15274
10018,GHI,40003,KG,32289
10019,ABC,40019,KG,19731
10009,ABC,40008,KG,13229
10001,ABC,40001,KG,14850
10001,ABC,40001,KG,20452
10001,ABC,40001,KG,16773
10072,ABC,40001,KG,12789
10072,ABC,40001,KG,18052
10072,ABC,40001,KG,26796
10072,ABC,40001,KG,16308
10072,ABC,40001,KG,8518
10072,ABC,40001,KG,16513
10075,ABC,40002,KG,32264
10006,GHI,40035,KG,25484
10038,ABC,40020,KG,22958
10038,ABC,40062,KG,17114
10001,ABC,40001,KG,23916
10001,ABC,40001,KG,24326
10001,ABC,40001,KG,19536
10001,ABC,40001,KG,5787
10001,ABC,40001,KG,27731
10001,ABC,40001,KG,23997
10001,ABC,40001,KG,8564
10001,ABC,40001,KG,15718
10072,ABC,40001,KG,24045
10072,ABC,40001,KG,20005
10072,ABC,40001,KG,16963
10005,ABC,40004,KG,19331
10003,DEF,40003,KG,22435
10004,DEF,40003,KG,22388
10007,ABC,40006,KG,18338
10013,ABC,40017,KG,13118
10013,ABC,40017,KG,24534
10013,ABC,40017,KG,22801
10001,ABC,40001,KG,31092
10001,ABC,40001,KG,16923
10001,ABC,40001,KG,20170
10001,ABC,40001,KG,23161
10001,ABC,40001,KG,13310
10001,ABC,40001,KG,18785
10072,ABC,40001,KG,20031
10072,ABC,40001,KG,26511
10072,ABC,40001,KG,26385
10072,ABC,40001,KG,18839
10002,ABC,40002,KG,24241
10004,DEF,40003,KG,18596
10003,DEF,40003,KG,11558
10035,ABC,40032,KG,27693
10013,GHI,40020,KG,22303
10006,GHI,40005,KG,17438
10007,ABC,40006,KG,17349
10011,DEF,40012,KG,20419
10075,ABC,40002,KG,19389
10075,ABC,40002,KG,28259
10075,ABC,40002,KG,27571
10074,ABC,40001,KG,18333
10074,ABC,40001,KG,25232
10072,ABC,40001,KG,27979
10072,ABC,40001,KG,14721
10072,ABC,40001,KG,15565
10072,ABC,40001,KG,23121
10072,ABC,40001,KG,19323
10072,ABC,40001,KG,33333
10072,ABC,40001,KG,27619
10072,ABC,40001,KG,25276
10072,ABC,40001,KG,28260
10072,ABC,40001,KG,18141
10072,ABC,40001,KG,27225
10072,ABC,40001,KG,26602
10072,ABC,40001,KG,23460
10001,ABC,40001,KG,16582
10001,ABC,40001,KG,25022
10001,ABC,40001,KG,25018
10001,ABC,40001,KG,27661
10001,ABC,40001,KG,17082
10001,ABC,40001,KG,25051
10001,ABC,40001,KG,11329
10001,ABC,40001,KG,25915
10001,ABC,40001,KG,24238
10001,ABC,40001,KG,19236
10001,ABC,40001,KG,16412
10001,ABC,40001,KG,17589
10007,ABC,40016,KG,16739
10007,ABC,40006,KG,14789
10013,GHI,40014,KG,15615
10022,DEF,40053,KG,13870
10003,DEF,40003,KG,3613
10004,DEF,40003,KG,24535
10010,DEF,40011,KG,17500
10013,GHI,40020,KG,17892
10075,ABC,40002,KG,23794
10002,ABC,40002,KG,23453
10001,ABC,40001,KG,24525
10001,ABC,40001,KG,16747
10001,ABC,40001,KG,19144
10001,ABC,40001,KG,22851
10009,ABC,40008,KG,18662
10003,DEF,40003,KG,21999
10004,DEF,40003,KG,12470
10018,GHI,40003,KG,10021
10075,ABC,40002,KG,25646
10075,ABC,40002,KG,27353
10075,ABC,40002,KG,13988
10074,ABC,40001,KG,15948
10002,ABC,40002,KG,18181
10002,ABC,40002,KG,26245
10072,ABC,40001,KG,25581
10072,ABC,40001,KG,29190
10072,ABC,40001,KG,14913
10072,ABC,40001,KG,19880
10001,ABC,40001,KG,18389
10001,ABC,40001,KG,25299
10001,ABC,40001,KG,21162
10001,ABC,40001,KG,28015
10001,ABC,40001,KG,25009
10001,ABC,40001,KG,18155
10001,ABC,40001,KG,22543
10015,ABC,40018,KG,17707
10006,GHI,40033,KG,26143
10004,DEF,40003,KG,17990
10003,DEF,40003,KG,13728
10011,DEF,40012,KG,23926
10075,ABC,40002,KG,7429
10072,ABC,40001,KG,20458
10072,ABC,40001,KG,5983
10012,ABC,40057,KG,19083
10001,ABC,40001,KG,18227
10001,ABC,40001,KG,16572
10001,ABC,40001,KG,19956
10001,ABC,40001,KG,26983
10001,ABC,40001,KG,27266
10001,ABC,40001,KG,20201
10004,DEF,40003,KG,10149
10003,DEF,40003,KG,29026
10013,GHI,40020,KG,24538
10005,ABC,40030,KG,18738
10074,ABC,40001,KG,1890
10074,ABC,40001,KG,23337
10072,ABC,40001,KG,9613
10072,ABC,40001,KG,26905
10072,ABC,40001,KG,2200
10002,ABC,40002,KG,11567
10002,ABC,40002,KG,30888
10001,ABC,40001,KG,26666
10001,ABC,40001,KG,21209
10001,ABC,40001,KG,25153
10001,ABC,40001,KG,23726
10010,DEF,40011,KG,11001
10003,DEF,40003,KG,8242
10004,DEF,40003,KG,8838
10013,GHI,40020,KG,25198
10013,GHI,40020,KG,24023
10074,ABC,40001,KG,20798
10074,ABC,40001,KG,27235
10074,ABC,40001,KG,24022
10013,ABC,40017,KG,12128
10007,ABC,40026,KG,1338
10013,ABC,40017,KG,23350
10007,ABC,40006,KG,14097
10021,DEF,40022,KG,30636
10012,ABC,40057,KG,17575
10072,ABC,40001,KG,13178
10072,ABC,40001,KG,19722
10072,ABC,40001,KG,22563
10072,ABC,40001,KG,17843
10072,ABC,40001,KG,12984
10002,ABC,40002,KG,11102
10002,ABC,40002,KG,20139
10002,ABC,40002,KG,10574
10002,ABC,40002,KG,11793
10001,ABC,40001,KG,2478
10001,ABC,40001,KG,27028
10001,ABC,40001,KG,21683
10001,ABC,40001,KG,21706
10001,ABC,40001,KG,13961
10001,ABC,40001,KG,11802
10001,ABC,40001,KG,17577
10001,ABC,40001,KG,22357
10001,ABC,40001,KG,32540
10004,DEF,40003,KG,18888
10003,DEF,40003,KG,33050
10007,ABC,40038,KG,12409
10013,ABC,40017,KG,30233
10075,ABC,40002,KG,12053
10075,ABC,40002,KG,31066
10074,ABC,40001,KG,22302
10072,ABC,40001,KG,22468
10072,ABC,40001,KG,14366
10072,ABC,40001,KG,32722
10009,ABC,40008,KG,25659
10002,ABC,40002,KG,5937
10001,ABC,40001,KG,25565
10001,ABC,40001,KG,28258
10001,ABC,40001,KG,29709
10001,ABC,40001,KG,24847
10013,GHI,40020,KG,8609
10006,GHI,40005,KG,10161
10006,GHI,40010,KG,19252
10013,ABC,40017,KG,7063
10013,ABC,40017,KG,7832
10011,DEF,40012,KG,11600
10002,ABC,40002,KG,17981
10001,ABC,40001,KG,22829
10001,ABC,40001,KG,24519
10001,ABC,40001,KG,8231
10001,ABC,40001,KG,17860
10075,ABC,40002,KG,25874
10075,ABC,40002,KG,28076
10074,ABC,40001,KG,2391
10072,ABC,40001,KG,4727
10004,DEF,40003,KG,23679
10003,DEF,40003,KG,21429
10011,DEF,40012,KG,11055
10012,ABC,40057,KG,15896
10002,ABC,40002,KG,26811
10001,ABC,40001,KG,17046
10001,ABC,40001,KG,21643
10001,ABC,40001,KG,20471
10001,ABC,40001,KG,14484
10001,ABC,40001,KG,22187
10001,ABC,40001,KG,13929
10075,ABC,40002,KG,21095
10075,ABC,40002,KG,11480
10074,ABC,40001,KG,30083
10072,ABC,40001,KG,38013
10072,ABC,40001,KG,20782
10031,ABC,40024,KG,18847
10023,ABC,40024,KG,19020
10002,ABC,40002,KG,16824
10002,ABC,40002,KG,19933
10001,ABC,40001,KG,15624
10001,ABC,40001,KG,11580
10001,ABC,40001,KG,9574
10001,ABC,40001,KG,14659
10075,ABC,40002,KG,6059
10075,ABC,40002,KG,22834
10075,ABC,40002,KG,26170
10075,ABC,40002,KG,21526
10072,ABC,40001,KG,8897
10008,ABC,40007,KG,24112
10003,DEF,40003,KG,10176
10004,DEF,40003,KG,21298
10007,ABC,40026,KG,29722
10017,ABC,40019,KG,22746
10028,ABC,40019,KG,19519
10027,ABC,40019,KG,24977
10025,ABC,40019,KG,32027
10002,ABC,40002,KG,28257
10001,ABC,40001,KG,23807
10001,ABC,40001,KG,29971
10001,ABC,40001,KG,17494
10001,ABC,40001,KG,20603
10001,ABC,40001,KG,15843
10001,ABC,40001,KG,11342
10074,ABC,40001,KG,17763
10012,ABC,40057,KG,18898
10010,DEF,40011,KG,17755
10051,ABC,40024,KG,11394
10006,GHI,40027,KG,27506
10013,GHI,40020,KG,11435
10001,ABC,40001,KG,42614
10001,ABC,40001,KG,27715
10001,ABC,40001,KG,26265
10001,ABC,40001,KG,16260
10074,ABC,40001,KG,8732
10075,ABC,40002,KG,15887
10075,ABC,40002,KG,13708
10075,ABC,40002,KG,34208
10072,ABC,40001,KG,19615
10072,ABC,40001,KG,24353
10072,ABC,40001,KG,18648
10072,ABC,40001,KG,10163
10005,ABC,40030,KG,18895
10013,GHI,40020,KG,29585
10002,ABC,40002,KG,19954
10001,ABC,40001,KG,25436
10001,ABC,40001,KG,19857
10001,ABC,40001,KG,9898
10001,ABC,40001,KG,17871
10001,ABC,40001,KG,27156
10074,ABC,40001,KG,23536
10074,ABC,40001,KG,20080
10074,ABC,40001,KG,30615
10072,ABC,40001,KG,15744
10072,ABC,40001,KG,18082
10072,ABC,40001,KG,34598
10006,GHI,40063,KG,25555
10021,DEF,40022,KG,29001
10011,DEF,40012,KG,17441
10007,ABC,40029,KG,7664
10049,ABC,40021,KG,26063
10048,ABC,40021,KG,24757
10050,ABC,40021,KG,20900
10001,ABC,40001,KG,16695
10001,ABC,40001,KG,28512
10001,ABC,40001,KG,17398
10001,ABC,40001,KG,17533
10002,ABC,40002,KG,27589
10002,ABC,40002,KG,26125
10002,ABC,40002,KG,22062
10075,ABC,40002,KG,8863
10072,ABC,40001,KG,22099
10072,ABC,40001,KG,13957
10006,GHI,40027,KG,22964
10004,DEF,40003,KG,15941
10003,DEF,40003,KG,18415
10072,ABC,40001,KG,18754
10010,DEF,40011,KG,20033
10013,GHI,40014,KG,17642
10011,DEF,40012,KG,16661
10019,ABC,40019,KG,19086
10001,ABC,40001,KG,22269
10001,ABC,40001,KG,21444
10001,ABC,40001,KG,17200
10001,ABC,40001,KG,28039
10001,ABC,40001,KG,19874
10001,ABC,40001,KG,18658
10012,ABC,40057,KG,12065
10075,ABC,40002,KG,31608
10075,ABC,40002,KG,27274
10072,ABC,40001,KG,26478
10072,ABC,40001,KG,20058
10003,DEF,40003,KG,11426
10001,ABC,40001,KG,15643
10001,ABC,40001,KG,11257
10001,ABC,40001,KG,24393
10001,ABC,40001,KG,16223
10007,ABC,40006,KG,19500
10013,ABC,40017,KG,12428
10013,ABC,40017,KG,28791
10013,ABC,40017,KG,16673
10071,ABC,40020,KG,17846
10004,DEF,40003,KG,6097
10001,ABC,40001,KG,29187
10001,ABC,40001,KG,6505
10001,ABC,40001,KG,29310
10001,ABC,40001,KG,10322
10001,ABC,40001,KG,32460
10001,ABC,40001,KG,9926
10075,ABC,40002,KG,23925
10075,ABC,40002,KG,12161
10072,ABC,40001,KG,15099
10072,ABC,40001,KG,18183
10072,ABC,40001,KG,17028
10012,ABC,40057,KG,31478
10004,DEF,40003,KG,10602
10003,DEF,40003,KG,26913
10006,GHI,40040,KG,32482
10001,ABC,40001,KG,29054
10001,ABC,40001,KG,24690
10001,ABC,40001,KG,24732
10001,ABC,40001,KG,27898
10001,ABC,40001,KG,22507
10001,ABC,40001,KG,13791
10001,ABC,40001,KG,31802
10001,ABC,40001,KG,18198
10002,ABC,40002,KG,17948
10002,ABC,40002,KG,28813
10002,ABC,40002,KG,21521
10002,ABC,40002,KG,26339
10074,ABC,40001,KG,20146
10072,ABC,40001,KG,14174
10072,ABC,40001,KG,28372
10072,ABC,40001,KG,12313
10027,ABC,40019,KG,9390
10012,ABC,40057,KG,21499
10041,ABC,40023,KG,17469
10042,ABC,40039,KG,20395
10005,ABC,40004,KG,17032
10003,DEF,40003,KG,13032
10004,DEF,40003,KG,20278
10013,ABC,40017,KG,30203
10007,ABC,40006,KG,19131
10007,ABC,40006,KG,19951
10006,GHI,40005,KG,32650
10013,GHI,40014,KG,15154
10043,ABC,40023,KG,8617
10043,ABC,40023,KG,5401
10016,ABC,40019,KG,35770
10001,ABC,40001,KG,1686
10001,ABC,40001,KG,28172
10002,ABC,40002,KG,15410
10002,ABC,40002,KG,28912
10002,ABC,40002,KG,26041
10001,ABC,40001,KG,26844
10001,ABC,40001,KG,16236
10013,ABC,40014,KG,16906
10013,ABC,40017,KG,14899
10074,ABC,40001,KG,33079
10072,ABC,40001,KG,22288
10003,DEF,40003,KG,11376
10004,DEF,40003,KG,26460
10045,ABC,40042,KG,13560
10044,GHI,40041,KG,15990
10011,DEF,40012,KG,15633
10009,ABC,40008,KG,17712
10012,ABC,40057,KG,18281
10001,ABC,40001,KG,12509
10001,ABC,40001,KG,30704
10001,ABC,40001,KG,16329
10001,ABC,40001,KG,14874
10002,ABC,40002,KG,14671
10003,DEF,40003,KG,31568
10004,DEF,40003,KG,14860
10075,ABC,40002,KG,18730
10075,ABC,40002,KG,25863
10074,ABC,40001,KG,17056
10074,ABC,40001,KG,23304
10072,ABC,40001,KG,32232
10072,ABC,40001,KG,-550
10019,ABC,40019,KG,22143
10012,ABC,40057,KG,27732
10001,ABC,40001,KG,23693
10001,ABC,40001,KG,27035
10001,ABC,40001,KG,23964
10001,ABC,40001,KG,22917
10001,ABC,40001,KG,12336
10001,ABC,40001,KG,21490
10001,ABC,40001,KG,21446
10001,ABC,40001,KG,17367
10001,ABC,40001,KG,21823
10075,ABC,40002,KG,10841
10075,ABC,40002,KG,22560
10072,ABC,40001,KG,19446
10003,DEF,40003,KG,29252
10004,DEF,40003,KG,19703
10072,ABC,40001,KG,29374
10011,DEF,40012,KG,-3439
10013,GHI,40014,KG,21912
10001,ABC,40001,KG,21687
10013,ABC,40014,KG,10586
10007,ABC,40029,KG,16742
10011,DEF,40012,KG,23242
10008,ABC,40007,KG,11300
10001,ABC,40001,KG,18155
10001,ABC,40001,KG,15596
10001,ABC,40001,KG,7279
10002,ABC,40002,KG,21855
10002,ABC,40002,KG,31584
10074,ABC,40001,KG,23244
10072,ABC,40001,KG,10468
10072,ABC,40001,KG,28219
10004,DEF,40003,KG,15359
10003,DEF,40003,KG,29149
10072,ABC,40001,KG,2252
10072,ABC,40001,KG,9341
10007,ABC,40006,KG,30907
10072,ABC,40001,KG,28550
10001,ABC,40001,KG,20410
10001,ABC,40001,KG,19546
10006,GHI,40033,KG,12174
10010,DEF,40064,KG,26065
10012,ABC,40057,KG,11505
10075,ABC,40002,KG,9030
10075,ABC,40002,KG,15773
10075,ABC,40002,KG,22549
10072,ABC,40001,KG,19878
10072,ABC,40001,KG,24257
10004,DEF,40003,KG,21631
10003,DEF,40003,KG,17460
10002,ABC,40002,KG,20886
10002,ABC,40002,KG,19811
10022,DEF,40053,KG,29383
10002,ABC,40002,KG,22323
10002,ABC,40002,KG,30736
10001,ABC,40001,KG,14522
10001,ABC,40001,KG,16388
10001,ABC,40001,KG,13824
10001,ABC,40001,KG,27732
10001,ABC,40001,KG,25745
10001,ABC,40001,KG,20102
10001,ABC,40001,KG,13557
10001,ABC,40001,KG,30904
10001,ABC,40001,KG,24848
10001,ABC,40001,KG,28293
10001,ABC,40001,KG,19633
10001,ABC,40001,KG,19110
10001,ABC,40001,KG,21955
10001,ABC,40001,KG,17979
10013,ABC,40014,KG,23913
10007,ABC,40016,KG,18984
10006,GHI,40033,KG,35981
10013,ABC,40014,KG,1660
10007,ABC,40006,KG,27389
10018,GHI,40003,KG,19489
10013,GHI,40020,KG,18878
10074,ABC,40001,KG,22211
10072,ABC,40001,KG,22441
10072,ABC,40057,KG,16256
10011,DEF,40012,KG,7430
10004,DEF,40003,KG,18919
10004,DEF,40003,KG,18262
10003,DEF,40003,KG,19294
10003,DEF,40003,KG,25363
10010,DEF,40011,KG,31617
10001,ABC,40001,KG,15162
10001,ABC,40001,KG,13765
10001,ABC,40001,KG,18008
10001,ABC,40001,KG,21798
10001,ABC,40001,KG,21853
10001,ABC,40001,KG,22367
10002,ABC,40002,KG,15738
10007,ABC,40026,KG,26847
10007,ABC,40016,KG,36129
10076,ABC,40065,KG,25892
10017,ABC,40019,KG,15726
10005,ABC,40009,KG,14482
10004,DEF,40003,KG,26195
10003,DEF,40003,KG,17116
10072,ABC,40001,KG,8348
10072,ABC,40057,KG,30015
10072,ABC,40001,KG,21759
10001,ABC,40001,KG,27944
10001,ABC,40001,KG,30101
10001,ABC,40001,KG,18518
10001,ABC,40001,KG,18426
10011,DEF,40012,KG,23502
10002,ABC,40002,KG,14081
10002,ABC,40002,KG,19843
10013,GHI,40014,KG,24540
10006,GHI,40005,KG,28956
10075,ABC,40002,KG,7450
10075,ABC,40002,KG,17338
10075,ABC,40002,KG,20180
10072,ABC,40001,KG,18817
10072,ABC,40001,KG,18164
10072,ABC,40001,KG,22609
10001,ABC,40001,KG,25118
10001,ABC,40001,KG,23541
10001,ABC,40001,KG,21414
10001,ABC,40001,KG,20004
10001,ABC,40001,KG,20069
10001,ABC,40001,KG,14818
10001,ABC,40001,KG,37148
10074,ABC,40057,KG,18322
10074,ABC,40057,KG,17259
10074,ABC,40057,KG,24597
10004,DEF,40003,KG,10970
10003,DEF,40003,KG,4276
10028,ABC,40019,KG,17952
10007,ABC,40026,KG,14624
10056,ABC,40045,KG,26898
10019,ABC,40019,KG,10752
10075,ABC,40002,KG,29251
10074,ABC,40057,KG,26959
10072,ABC,40001,KG,24594
10072,ABC,40001,KG,29250
10072,ABC,40001,KG,16028
10072,ABC,40001,KG,24240
10072,ABC,40001,KG,15160
10001,ABC,40001,KG,21951
10001,ABC,40001,KG,18641
10001,ABC,40001,KG,17719
10001,ABC,40001,KG,26515
10001,ABC,40001,KG,22820
10001,ABC,40001,KG,25883
10001,ABC,40001,KG,19579
10001,ABC,40001,KG,21970
10003,DEF,40003,KG,25106
10004,DEF,40003,KG,24090
10017,ABC,40019,KG,20588
10001,ABC,40001,KG,21890
10001,ABC,40001,KG,1644
10004,DEF,40003,KG,22593
10003,DEF,40003,KG,14601
10001,ABC,40001,KG,18695
10007,ABC,40006,KG,19244
10007,ABC,40029,KG,26750
10018,GHI,40003,KG,22278
10021,DEF,40044,KG,20419
10003,DEF,40003,KG,20668
10004,DEF,40003,KG,28018
10011,DEF,40012,KG,26018
10072,ABC,40001,KG,23916
10072,ABC,40001,KG,13336
10001,ABC,40001,KG,21693
10001,ABC,40001,KG,23237
10001,ABC,40001,KG,18103
10001,ABC,40001,KG,20829
10001,ABC,40001,KG,19505
10027,ABC,40019,KG,18984
10013,ABC,40017,KG,18471
10013,ABC,40017,KG,9257
10013,ABC,40017,KG,14612
10077,ABC,40040,KG,13413
10077,ABC,40040,KG,9841
10072,ABC,40001,KG,29439
10072,ABC,40001,KG,15438
10006,GHI,40010,KG,19611
10072,ABC,40001,KG,17762
10001,ABC,40001,KG,19038
10001,ABC,40001,KG,20917
10001,ABC,40001,KG,17106
10001,ABC,40001,KG,32135
10001,ABC,40001,KG,19722
10001,ABC,40001,KG,12436
10001,ABC,40001,KG,17154
10005,ABC,40009,KG,-1429
10004,DEF,40003,KG,22508
10003,DEF,40003,KG,17446
10011,DEF,40012,KG,32633
10001,ABC,40001,KG,15907
10005,ABC,40004,KG,16641
10054,ABC,40019,KG,14933
10078,ABC,40024,KG,8505
10078,ABC,40024,KG,31740
10007,ABC,40029,KG,17461
10013,GHI,40014,KG,23547
10013,GHI,40017,KG,24047
10072,ABC,40001,KG,12359
10072,ABC,40001,KG,39343
10025,ABC,40019,KG,7975
10004,DEF,40003,KG,16942
10003,DEF,40003,KG,20834
10006,GHI,40005,KG,16068
10072,ABC,40001,KG,19314
10010,DEF,40011,KG,22457
10008,ABC,40007,KG,16794
10072,ABC,40001,KG,31106
10072,ABC,40001,KG,11158
10072,ABC,40001,KG,29834
10001,ABC,40001,KG,15468
10001,ABC,40001,KG,20651
10001,ABC,40001,KG,25760
10001,ABC,40001,KG,13144
10001,ABC,40001,KG,13430
10001,ABC,40001,KG,17671
10001,ABC,40001,KG,9957
10001,ABC,40001,KG,20184
10001,ABC,40001,KG,17040
10001,ABC,40001,KG,24339
10001,ABC,40001,KG,25135
10001,ABC,40001,KG,18790
10001,ABC,40001,KG,27763
10001,ABC,40001,KG,10583
10001,ABC,40001,KG,20721
10001,ABC,40001,KG,20969
10001,ABC,40001,KG,27554
10001,ABC,40001,KG,11398
10001,ABC,40001,KG,24112
10001,ABC,40001,KG,10545
10001,ABC,40001,KG,23891
10001,ABC,40001,KG,18228
10001,ABC,40001,KG,20714
10003,DEF,40003,KG,14137
10004,DEF,40003,KG,20137
10022,DEF,40066,KG,26629
10012,ABC,40013,KG,23282
10012,ABC,40013,KG,33260
10012,ABC,40013,KG,8614
10012,ABC,40013,KG,24867
10012,ABC,40013,KG,16495
10012,ABC,40057,KG,16170
10009,ABC,40008,KG,25764
10058,ABC,40019,KG,25228
10018,GHI,40003,KG,11894
10077,ABC,40040,KG,27641
10077,ABC,40040,KG,19724
10077,ABC,40040,KG,15143
10077,ABC,40040,KG,4684
10077,ABC,40040,KG,31849
10077,ABC,40040,KG,23309
10013,ABC,40017,KG,13835
10013,ABC,40017,KG,22766
10007,ABC,40026,KG,21632
10006,GHI,40010,KG,24049
10013,GHI,40017,KG,25977
10013,GHI,40017,KG,33902
10008,ABC,40007,KG,17306
10012,ABC,40013,KG,13729
10077,ABC,40040,KG,28530
10077,ABC,40040,KG,12459
10037,ABC,40032,KG,5234
10013,ABC,40014,KG,22678
10001,ABC,40001,KG,22490
10001,ABC,40001,KG,21778
10001,ABC,40001,KG,21512
10072,ABC,40001,KG,21286
10075,ABC,40002,KG,19573
10013,ABC,40017,KG,31236
10077,ABC,40040,KG,23245
10005,ABC,40030,KG,27140
10003,DEF,40003,KG,20129
10004,DEF,40003,KG,21681
10016,ABC,40019,KG,24916
10005,ABC,40004,KG,30479
10012,ABC,40013,KG,17726
10001,ABC,40001,KG,19407
10001,ABC,40001,KG,17556
10001,ABC,40001,KG,20819
10001,ABC,40001,KG,20238
10075,ABC,40002,KG,26430
10072,ABC,40001,KG,28629
10072,ABC,40001,KG,29090
10072,ABC,40001,KG,20144
10011,DEF,40012,KG,20968
10003,DEF,40003,KG,21161
10004,DEF,40003,KG,19881
10006,GHI,40033,KG,31789
10011,DEF,40012,KG,28881
10001,ABC,40001,KG,32002
10001,ABC,40001,KG,15772
10001,ABC,40001,KG,30839
10001,ABC,40001,KG,26793
10001,ABC,40001,KG,3257
10001,ABC,40001,KG,42404
10001,ABC,40001,KG,20978
10001,ABC,40001,KG,20250
10001,ABC,40001,KG,18964
10075,ABC,40002,KG,28188
10075,ABC,40002,KG,15690
10075,ABC,40002,KG,17464
10003,DEF,40003,KG,11092
10004,DEF,40003,KG,25468
10007,ABC,40029,KG,20805
10007,ABC,40038,KG,23708
10021,DEF,40022,KG,17310
10001,ABC,40001,KG,24598
10001,ABC,40001,KG,30367
10001,ABC,40001,KG,13953
10001,ABC,40001,KG,5341
10001,ABC,40001,KG,16522
10001,ABC,40001,KG,27699
10001,ABC,40001,KG,32935
10002,ABC,40002,KG,18721
10002,ABC,40002,KG,16973
10075,ABC,40002,KG,24105
10072,ABC,40001,KG,22096
10072,ABC,40001,KG,13506
10012,ABC,40057,KG,17002
10012,ABC,40057,KG,28931
10017,ABC,40019,KG,20164
10013,ABC,40017,KG,12702
10013,ABC,40017,KG,27515
10013,ABC,40017,KG,11030
10004,DEF,40003,KG,16011
10003,DEF,40003,KG,19077
10007,ABC,40029,KG,38666
10010,DEF,40011,KG,18291
10066,GHI,40025,KG,17483
10030,GHI,40025,KG,18010
10072,ABC,40001,KG,19252
10072,ABC,40001,KG,23480
10072,ABC,40001,KG,18907
10072,ABC,40001,KG,29847
10072,ABC,40001,KG,23561
10072,ABC,40001,KG,10628
10001,ABC,40001,KG,28074
10001,ABC,40001,KG,22371
10001,ABC,40001,KG,27196
10001,ABC,40001,KG,19616
10001,ABC,40001,KG,20234
10001,ABC,40001,KG,27654
10001,ABC,40001,KG,17679
10001,ABC,40001,KG,20347
10001,ABC,40001,KG,29127
10001,ABC,40001,KG,25629
10001,ABC,40001,KG,23888
10001,ABC,40001,KG,18110
10001,ABC,40001,KG,18374
10002,ABC,40002,KG,22251
10002,ABC,40002,KG,8109
10009,ABC,40008,KG,13314
10003,DEF,40003,KG,21290
10004,DEF,40003,KG,30348
10018,GHI,40003,KG,10337
10013,GHI,40020,KG,19515
10005,ABC,40030,KG,19074
10007,ABC,40006,KG,27292
10007,ABC,40016,KG,20270
10013,ABC,40017,KG,26898
10013,ABC,40017,KG,16399
10078,ABC,40024,KG,18286
10001,ABC,40001,KG,14014
10001,ABC,40001,KG,9881
10022,DEF,40023,KG,25188
10018,GHI,40003,KG,19258
10072,ABC,40001,KG,27038
10072,ABC,40001,KG,17534
10072,ABC,40001,KG,13933
10072,ABC,40001,KG,24265
10003,DEF,40003,KG,18783
10004,DEF,40003,KG,9970
10040,ABC,40031,KG,19209
10047,ABC,40031,KG,11671
10034,ABC,40031,KG,18503
10033,ABC,40031,KG,28710
10046,ABC,40031,KG,6243
10032,ABC,40031,KG,24478
10011,DEF,40012,KG,18615
10012,ABC,40013,KG,11979
10012,ABC,40013,KG,19099
10019,ABC,40019,KG,25842
10001,ABC,40001,KG,18910
10001,ABC,40001,KG,27595
10001,ABC,40001,KG,14894
10001,ABC,40001,KG,16257
10002,ABC,40002,KG,10021
10002,ABC,40002,KG,13725
10072,ABC,40001,KG,6864
10072,ABC,40001,KG,22260
10077,ABC,40040,KG,13118
10004,DEF,40003,KG,23151
10003,DEF,40003,KG,13899
10006,GHI,40005,KG,29369
10013,GHI,40020,KG,19480
10071,ABC,40020,KG,19860
10042,ABC,40039,KG,31323
10041,ABC,40023,KG,16847
10007,ABC,40006,KG,26546
10013,ABC,40017,KG,23876
10020,ABC,40021,KG,26048
10011,DEF,40012,KG,21604
10007,ABC,40006,KG,35724
10007,ABC,40006,KG,30591
10012,ABC,40013,KG,20732
10001,ABC,40001,KG,20522
10001,ABC,40001,KG,26415
10001,ABC,40001,KG,16767
10001,ABC,40001,KG,22112
10001,ABC,40001,KG,21597
10001,ABC,40001,KG,18786
10001,ABC,40001,KG,19095
10002,ABC,40002,KG,25221
10002,ABC,40002,KG,26374
10002,ABC,40002,KG,19525
10006,ABC,40035,KG,25003
10013,GHI,40017,KG,20611
10075,ABC,40002,KG,23887
10075,ABC,40002,KG,28936
10072,ABC,40001,KG,20661
10072,ABC,40001,KG,25752
10072,ABC,40001,KG,13978
10028,ABC,40019,KG,19903
10013,ABC,40017,KG,26088
10003,DEF,40003,KG,9991
10004,DEF,40003,KG,11302
10045,ABC,40042,KG,16445
10043,ABC,40023,KG,9439
10043,ABC,40023,KG,16771
10006,GHI,40046,KG,18519
10044,GHI,40041,KG,27585
10001,ABC,40001,KG,24379
10001,ABC,40001,KG,16222
10001,ABC,40001,KG,18531
10001,ABC,40001,KG,12290
10001,ABC,40001,KG,7597
10001,ABC,40001,KG,26276
10002,ABC,40002,KG,23273
10002,ABC,40002,KG,14120
10075,ABC,40002,KG,29239
10075,ABC,40002,KG,24062
10072,ABC,40001,KG,19713
10072,ABC,40001,KG,26860
10072,ABC,40001,KG,21850
10072,ABC,40001,KG,22211
10009,ABC,40008,KG,16096
10004,DEF,40003,KG,33071
10003,DEF,40003,KG,27609
10012,ABC,40013,KG,22786
10005,ABC,40004,KG,9696
10018,GHI,40003,KG,19502
10006,GHI,40040,KG,20482
10007,ABC,40029,KG,18482
10016,ABC,40019,KG,16678
10001,ABC,40001,KG,10017
10001,ABC,40001,KG,17204
10001,ABC,40001,KG,16271
10001,ABC,40001,KG,25338
10001,ABC,40001,KG,19897
10001,ABC,40001,KG,19115
10001,ABC,40001,KG,23956
10075,ABC,40002,KG,25337
10075,ABC,40002,KG,21994
10075,ABC,40002,KG,18784
10072,ABC,40001,KG,20685
10072,ABC,40001,KG,17433
10072,ABC,40001,KG,20708
10004,DEF,40003,KG,25799
10003,DEF,40003,KG,23427
10018,GHI,40003,KG,16877
10013,GHI,40020,KG,26736
10079,GHI,40054,KG,20187
10080,GHI,40054,KG,21886
10008,ABC,40007,KG,26365
10081,ABC,40067,KG,28537
10001,ABC,40001,KG,13356
10001,ABC,40001,KG,9850
10001,ABC,40001,KG,19498
10001,ABC,40001,KG,18919
10002,ABC,40002,KG,18723
10002,ABC,40002,KG,24360
10002,ABC,40002,KG,21787
10075,ABC,40002,KG,25887
10003,DEF,40003,KG,22425
10004,DEF,40003,KG,23558
10006,GHI,40046,KG,14776
10001,ABC,40001,KG,15779
10001,ABC,40001,KG,12228
10001,ABC,40001,KG,35812
10001,ABC,40001,KG,18175
10001,ABC,40001,KG,24941
10002,ABC,40002,KG,16407
10002,ABC,40002,KG,22707
10002,ABC,40002,KG,8444
10075,ABC,40002,KG,24878
10072,ABC,40001,KG,10038
10012,ABC,40013,KG,25416
10036,ABC,40051,KG,15881
10003,DEF,40003,KG,17062
10004,DEF,40003,KG,29021
10006,GHI,40033,KG,3796
10011,DEF,40012,KG,17466
10011,DEF,40012,KG,29865
10017,ABC,40061,KG,18612
10012,ABC,40013,KG,28355
10001,ABC,40001,KG,18319
10001,ABC,40001,KG,18050
10001,ABC,40001,KG,8849
10001,ABC,40001,KG,25170
10001,ABC,40001,KG,15840
10001,ABC,40001,KG,30640
10002,ABC,40002,KG,14886
10002,ABC,40002,KG,15993
10075,ABC,40002,KG,25319
10072,ABC,40001,KG,11426
10004,DEF,40003,KG,21206
10003,DEF,40003,KG,14083
10010,DEF,40011,KG,15991
10001,ABC,40001,KG,25746
10001,ABC,40001,KG,14687
10001,ABC,40001,KG,23520
10001,ABC,40001,KG,29678
10001,ABC,40001,KG,19052
10002,ABC,40002,KG,24977
10002,ABC,40002,KG,20335
10056,ABC,40045,KG,17227
10072,ABC,40001,KG,22227
10072,ABC,40001,KG,16937
10013,ABC,40017,KG,24279
10013,ABC,40017,KG,14438
10013,ABC,40017,KG,9695
10013,ABC,40017,KG,14329
10004,DEF,40003,KG,22314
10003,DEF,40003,KG,22751
10021,DEF,40022,KG,19278
10001,ABC,40001,KG,23185
10001,ABC,40001,KG,29720
10001,ABC,40001,KG,20096
10001,ABC,40001,KG,24280
10001,ABC,40001,KG,21577
10001,ABC,40001,KG,30268
10001,ABC,40001,KG,12591
10001,ABC,40001,KG,18825
10001,ABC,40001,KG,21465
10001,ABC,40001,KG,17228
10001,ABC,40001,KG,29143
10001,ABC,40001,KG,13390
10002,ABC,40002,KG,19443
10002,ABC,40002,KG,22765
10075,ABC,40002,KG,27920
10072,ABC,40001,KG,5703
10072,ABC,40001,KG,31885
10072,ABC,40001,KG,27396
10009,ABC,40068,KG,16466
10015,ABC,40018,KG,14202
10004,DEF,40003,KG,29336
10003,DEF,40003,KG,26589
10006,GHI,40010,KG,20902
10013,GHI,40020,KG,20317
10006,GHI,40005,KG,34188
10005,ABC,40004,KG,31507
10005,ABC,40004,KG,21885
10007,ABC,40006,KG,21612
10007,ABC,40029,KG,29048
10007,ABC,40016,KG,20959
10001,ABC,40001,KG,28837
10001,ABC,40001,KG,26502
10001,ABC,40001,KG,17389
10002,ABC,40002,KG,19758
10002,ABC,40002,KG,21292
10075,ABC,40002,KG,29783
10075,ABC,40002,KG,30339
10006,ABC,40035,KG,11831
10004,DEF,40003,KG,16263
10003,DEF,40003,KG,18803
10011,DEF,40012,KG,18974
10001,ABC,40001,KG,12614
10001,ABC,40001,KG,18449
10001,ABC,40001,KG,5434
10001,ABC,40001,KG,15972
10001,ABC,40001,KG,14062
10075,ABC,40002,KG,37453
10075,ABC,40002,KG,20581
10031,ABC,40024,KG,22403
10023,ABC,40024,KG,14788
10007,ABC,40016,KG,25258
10005,ABC,40030,KG,12702
10004,DEF,40003,KG,25607
10003,DEF,40003,KG,20941
10018,GHI,40003,KG,14650
10025,ABC,40019,KG,13795
10001,ABC,40001,KG,3004
10001,ABC,40001,KG,23294
10001,ABC,40001,KG,20839
10001,ABC,40001,KG,25370
10001,ABC,40001,KG,28824
10072,ABC,40001,KG,27020
10072,ABC,40001,KG,12647
10011,DEF,40012,KG,26854
10010,DEF,40011,KG,15936
10004,DEF,40003,KG,27712
10003,DEF,40003,KG,10571
10027,ABC,40019,KG,20183
10002,ABC,40002,KG,21767
10002,ABC,40002,KG,13680
10001,ABC,40001,KG,27585
10001,ABC,40001,KG,31295
10001,ABC,40001,KG,7000
10072,ABC,40001,KG,20139
10013,GHI,40020,KG,18855
10001,ABC,40001,KG,14767
10001,ABC,40001,KG,24590
10003,DEF,40003,KG,16550
10004,DEF,40003,KG,27304
10007,ABC,40029,KG,19049
10075,ABC,40002,KG,13862
10001,ABC,40001,KG,18319
10001,ABC,40001,KG,21809
10001,ABC,40001,KG,18556
10001,ABC,40001,KG,32568
10001,ABC,40001,KG,20272
10001,ABC,40001,KG,22000
10001,ABC,40001,KG,8758
10001,ABC,40001,KG,22192
10001,ABC,40001,KG,14463
10002,ABC,40002,KG,18121
10002,ABC,40002,KG,3989
10002,ABC,40002,KG,19307
10019,ABC,40019,KG,17217
10004,DEF,40003,KG,24201
10003,DEF,40003,KG,14444
10022,DEF,40023,KG,29350
10007,ABC,40026,KG,11170
10013,ABC,40017,KG,14336
10013,ABC,40017,KG,29362
10013,ABC,40017,KG,8807
10008,ABC,40007,KG,22277
10013,ABC,40017,KG,23755
10013,ABC,40017,KG,24675
10001,ABC,40001,KG,34861
10001,ABC,40001,KG,14846
10001,ABC,40001,KG,17186
10001,ABC,40001,KG,22507
10001,ABC,40001,KG,31511
10075,ABC,40002,KG,22639
10075,ABC,40002,KG,16228
10015,ABC,40018,KG,27667
10026,ABC,40028,KG,30085
10026,ABC,40028,KG,10329
10082,ABC,40052,KG,12134
10035,ABC,40032,KG,6599
10003,DEF,40003,KG,21156
10004,DEF,40003,KG,4437
10007,ABC,40026,KG,26266
10011,DEF,40012,KG,17574
10009,ABC,40068,KG,10876
10001,ABC,40001,KG,25555
10001,ABC,40001,KG,13992
10001,ABC,40001,KG,20986
10001,ABC,40001,KG,19452
10001,ABC,40001,KG,22464
10001,ABC,40001,KG,27236
10002,ABC,40002,KG,28852
10072,ABC,40001,KG,26437
10007,ABC,40006,KG,20545
10007,ABC,40038,KG,13487
10010,DEF,40011,KG,9416
10003,DEF,40003,KG,20232
10004,DEF,40003,KG,25760
10018,GHI,40003,KG,20205
10001,ABC,40001,KG,22454
10001,ABC,40001,KG,14551
10001,ABC,40001,KG,16050
10001,ABC,40001,KG,21469
10001,ABC,40001,KG,23553
10075,ABC,40002,KG,29564
10072,ABC,40001,KG,23961
10004,DEF,40003,KG,19318
10003,DEF,40003,KG,18485
10007,ABC,40006,KG,25888
10007,ABC,40006,KG,14582
10001,ABC,40001,KG,12876
10001,ABC,40001,KG,8083
10001,ABC,40001,KG,30517
10001,ABC,40001,KG,24864
10001,ABC,40001,KG,13342
10002,ABC,40002,KG,17280
10072,ABC,40001,KG,21034
10072,ABC,40001,KG,28094
10017,ABC,40061,KG,11971
10005,ABC,40009,KG,19835
10005,ABC,40030,KG,20435
10003,DEF,40003,KG,21826
10004,DEF,40003,KG,40955
10026,ABC,40028,KG,20993
10007,ABC,40029,KG,23399
10013,ABC,40017,KG,7842
10001,ABC,40001,KG,16902
10002,ABC,40002,KG,24184
10001,ABC,40001,KG,21747
10001,ABC,40001,KG,25968
10001,ABC,40001,KG,4439
10001,ABC,40001,KG,11071
10001,ABC,40001,KG,19475
10001,ABC,40001,KG,10706
10004,DEF,40003,KG,10842
10003,DEF,40003,KG,23941
10048,ABC,40021,KG,28781
10050,ABC,40021,KG,37188
10049,ABC,40021,KG,13360
10036,ABC,40051,KG,12392
10029,ABC,40019,KG,10779
10019,ABC,40019,KG,16892
10001,ABC,40001,KG,22802
10001,ABC,40001,KG,4816
10001,ABC,40001,KG,19459
10002,ABC,40002,KG,19576
10002,ABC,40002,KG,24409
10002,ABC,40002,KG,26028
10003,DEF,40003,KG,3400
10004,DEF,40003,KG,14474
10010,DEF,40011,KG,15212
10007,ABC,40006,KG,13302
10013,ABC,40017,KG,12000
10051,ABC,40024,KG,39544
10005,ABC,40004,KG,7017
10006,GHI,40005,KG,6400
10011,DEF,40012,KG,13434
10016,ABC,40019,KG,31241
10001,ABC,40001,KG,27196
10001,ABC,40001,KG,13061
10001,ABC,40001,KG,13094
10001,ABC,40001,KG,23191
10001,ABC,40001,KG,17466
10075,ABC,40002,KG,12426
10072,ABC,40001,KG,13676
10002,ABC,40002,KG,29025
10004,DEF,40003,KG,13161
10003,DEF,40003,KG,19934
10007,ABC,40006,KG,24521
10013,ABC,40017,KG,28389
10013,ABC,40017,KG,22741
10013,ABC,40017,KG,17197
10022,DEF,40036,KG,24779
10011,DEF,40012,KG,16560
10018,GHI,40003,KG,28923
10001,ABC,40001,KG,11071
10001,ABC,40001,KG,20259
10001,ABC,40001,KG,32095
10001,ABC,40001,KG,24591
10001,ABC,40001,KG,18835
10075,ABC,40002,KG,24316
10018,GHI,40003,KG,26884
10004,DEF,40003,KG,14952
10003,DEF,40003,KG,20351
10001,ABC,40001,KG,22431
10001,ABC,40001,KG,21420
10001,ABC,40001,KG,16545
10001,ABC,40001,KG,20854
10001,ABC,40001,KG,19176
10001,ABC,40001,KG,8271
10001,ABC,40001,KG,18513
10001,ABC,40001,KG,30575
10002,ABC,40002,KG,18773
10002,ABC,40002,KG,29173
10002,ABC,40002,KG,28473
10021,DEF,40044,KG,19313
10004,DEF,40003,KG,18643
10003,DEF,40003,KG,25197
10077,ABC,40040,KG,12982
10041,ABC,40023,KG,21337
10042,ABC,40039,KG,23848
10001,ABC,40001,KG,7912
10043,ABC,40023,KG,24852
10043,ABC,40023,KG,38108
10013,GHI,40014,KG,17532
10009,ABC,40068,KG,27000
10006,GHI,40040,KG,25201
10027,ABC,40019,KG,13479
10044,GHI,40041,KG,15557
10007,ABC,40006,KG,27038
10001,ABC,40001,KG,10622
10001,ABC,40001,KG,21899
10007,ABC,40006,KG,15576
10001,ABC,40001,KG,30523
10001,ABC,40001,KG,23581
10001,ABC,40001,KG,27080
10002,ABC,40002,KG,15212
10002,ABC,40002,KG,22343
10013,ABC,40017,KG,9739
10002,ABC,40002,KG,15621
10075,ABC,40002,KG,28284
10075,ABC,40002,KG,16513
10075,ABC,40002,KG,38561
10005,ABC,40004,KG,21687
10003,DEF,40003,KG,16217
10004,DEF,40003,KG,12017
10045,ABC,40042,KG,21823
10005,ABC,40004,KG,20116
10001,ABC,40001,KG,24567
10001,ABC,40001,KG,15404
10001,ABC,40001,KG,17598
10002,ABC,40002,KG,18700
10002,ABC,40002,KG,8462
10075,ABC,40002,KG,23699
10075,ABC,40002,KG,22065
10004,DEF,40003,KG,31166
10003,DEF,40003,KG,3535
10017,ABC,40019,KG,29194
10054,ABC,40019,KG,17789
10018,GHI,40003,KG,13683
10005,ABC,40009,KG,14399
10006,GHI,40046,KG,22558
10011,DEF,40012,KG,21366
10005,ABC,40004,KG,13016
10001,ABC,40001,KG,23471
10001,ABC,40001,KG,25480
10001,ABC,40001,KG,23778
10001,ABC,40001,KG,19945
10001,ABC,40001,KG,15174
10001,ABC,40001,KG,22812
10002,ABC,40002,KG,20515
10002,ABC,40002,KG,24531
10075,ABC,40002,KG,10705
10013,ABC,40017,KG,25694
10007,ABC,40006,KG,24298
10013,ABC,40017,KG,15080
10022,DEF,40053,KG,9967
10007,ABC,40026,KG,18806
10043,ABC,40023,KG,12860
10013,GHI,40020,KG,24941
10013,GHI,40020,KG,16449
10045,ABC,40042,KG,4912
10003,DEF,40003,KG,27325
10004,DEF,40003,KG,15445
10015,ABC,40018,KG,26938
10001,ABC,40001,KG,22939
10001,ABC,40001,KG,19870
10001,ABC,40001,KG,23138
10001,ABC,40001,KG,23137
10001,ABC,40001,KG,10831
10001,ABC,40001,KG,18593
10002,ABC,40002,KG,27031
10075,ABC,40002,KG,29606
10075,ABC,40002,KG,6806
10004,DEF,40003,KG,14117
10003,DEF,40003,KG,34589
10011,DEF,40012,KG,18995
10010,DEF,40011,KG,15892
10001,ABC,40001,KG,16435
10001,ABC,40001,KG,12891
10001,ABC,40001,KG,27377
10001,ABC,40001,KG,36071
10001,ABC,40001,KG,22363
10001,ABC,40001,KG,25250
10075,ABC,40002,KG,25128
10075,ABC,40002,KG,16973
10003,DEF,40003,KG,12705
10004,DEF,40003,KG,28544
10028,ABC,40019,KG,9141
10019,ABC,40019,KG,30513
10083,GHI,40025,KG,19448
10008,ABC,40007,KG,21434
10001,ABC,40001,KG,24716
10001,ABC,40001,KG,23324
10001,ABC,40001,KG,22468
10001,ABC,40001,KG,19870
10001,ABC,40001,KG,15436
10001,ABC,40001,KG,15402
10001,ABC,40001,KG,19139
10001,ABC,40001,KG,16589
10001,ABC,40001,KG,21681
10002,ABC,40002,KG,20605
10002,ABC,40002,KG,16771
10002,ABC,40002,KG,20831
10002,ABC,40002,KG,12106
10075,ABC,40002,KG,15290
10075,ABC,40002,KG,12683
10075,ABC,40002,KG,20433
10013,GHI,40020,KG,28421
10006,GHI,40005,KG,26352
10036,ABC,40051,KG,25282
10004,DEF,40003,KG,19737
10003,DEF,40003,KG,22009
10001,ABC,40001,KG,29473
10001,ABC,40001,KG,24229
10001,ABC,40001,KG,28833
10002,ABC,40002,KG,24987
10002,ABC,40002,KG,22446
10075,ABC,40002,KG,25843
10007,ABC,40027,KG,25012
10007,ABC,40016,KG,11799
10005,ABC,40009,KG,22641
10018,GHI,40003,KG,22095
10004,DEF,40003,KG,23035
10003,DEF,40003,KG,6531
10021,DEF,40022,KG,24612
10026,ABC,40028,KG,14819
10011,DEF,40012,KG,23577
10015,ABC,40018,KG,26123
10037,ABC,40032,KG,19957
10001,ABC,40001,KG,22750
10001,ABC,40001,KG,15447
10001,ABC,40001,KG,17198
10001,ABC,40001,KG,27618
10001,ABC,40001,KG,30358
10002,ABC,40002,KG,17802
10007,ABC,40006,KG,14913
10007,ABC,40006,KG,11823
10013,ABC,40017,KG,8615
10013,ABC,40017,KG,12206
10003,DEF,40003,KG,14250
10004,DEF,40003,KG,14206
10007,ABC,40026,KG,16149
10022,DEF,40053,KG,28550
10010,DEF,40011,KG,19454
10011,DEF,40012,KG,17939
10001,ABC,40001,KG,24750
10001,ABC,40001,KG,14743
10001,ABC,40001,KG,17364
10001,ABC,40001,KG,10607
10001,ABC,40001,KG,9918
10001,ABC,40001,KG,35608
10001,ABC,40001,KG,14783
10002,ABC,40002,KG,19462
10017,ABC,40019,KG,30466
10016,ABC,40019,KG,21108
10004,DEF,40003,KG,21449
10003,DEF,40003,KG,20883
10006,GHI,40033,KG,30439
10007,ABC,40029,KG,25460
10013,ABC,40017,KG,19964
10009,ABC,40008,KG,21812
10075,ABC,40002,KG,22994
10075,ABC,40002,KG,15751
10075,ABC,40002,KG,26452
10075,ABC,40002,KG,8937
10004,DEF,40003,KG,16666
10003,DEF,40003,KG,15490
10013,GHI,40020,KG,21061
10028,ABC,40019,KG,26842
10028,ABC,40019,KG,22085
10001,ABC,40001,KG,7186
10001,ABC,40001,KG,24235
10001,ABC,40001,KG,19073
10001,ABC,40001,KG,23315
10001,ABC,40001,KG,37494
10001,ABC,40001,KG,16493
10001,ABC,40001,KG,16666
10001,ABC,40001,KG,25135
10001,ABC,40001,KG,716
10001,ABC,40001,KG,5013
10001,ABC,40001,KG,23339
10001,ABC,40001,KG,22353
10001,ABC,40001,KG,22980
10001,ABC,40001,KG,34315
10001,ABC,40001,KG,21280
10001,ABC,40001,KG,10481
10001,ABC,40001,KG,24504
10001,ABC,40001,KG,19471
10001,ABC,40001,KG,1897
10001,ABC,40001,KG,21025
10001,ABC,40001,KG,17167
10073,ABC,40061,KG,16266
10073,ABC,40061,KG,20519
10007,ABC,40006,KG,21150
10003,DEF,40003,KG,25057
10004,DEF,40003,KG,25643
10013,ABC,40017,KG,12535
10013,ABC,40017,KG,31825
10006,GHI,40010,KG,3060
10027,ABC,40019,KG,28953
10001,ABC,40001,KG,20500
10001,ABC,40001,KG,9591
10001,ABC,40001,KG,13219
10002,ABC,40002,KG,30142
10002,ABC,40002,KG,21712
10073,ABC,40061,KG,12349
10073,ABC,40061,KG,17492
10004,DEF,40003,KG,22245
10003,DEF,40003,KG,20740
10005,ABC,40004,KG,12433
10006,ABC,40035,KG,2407
10013,GHI,40020,KG,21980
10018,GHI,40003,KG,28820
10001,ABC,40001,KG,23271
10001,ABC,40001,KG,24669
10001,ABC,40001,KG,32158
10001,ABC,40001,KG,23766
10001,ABC,40001,KG,27096
10001,ABC,40001,KG,20814
10001,ABC,40001,KG,18249
10001,ABC,40001,KG,13321
10001,ABC,40001,KG,31608
10002,ABC,40002,KG,20400
10002,ABC,40002,KG,27868
10073,ABC,40061,KG,14588
10073,ABC,40061,KG,10348
10019,ABC,40019,KG,-813
10010,DEF,40011,KG,26822
10003,DEF,40003,KG,6002
10004,DEF,40003,KG,11033
10011,DEF,40012,KG,16202
10013,ABC,40017,KG,27155
10009,ABC,40008,KG,25320
10001,ABC,40001,KG,7077
10001,ABC,40001,KG,28619
10001,ABC,40001,KG,18281
10001,ABC,40001,KG,25619
10001,ABC,40001,KG,21974
10001,ABC,40001,KG,27549
10001,ABC,40001,KG,16687
10001,ABC,40001,KG,24647
10002,ABC,40002,KG,22505
10002,ABC,40002,KG,17774
10075,ABC,40002,KG,29303
10075,ABC,40002,KG,13578
10004,DEF,40003,KG,19522
10003,DEF,40003,KG,13177
10025,ABC,40019,KG,15501
10001,ABC,40001,KG,19215
10001,ABC,40001,KG,18093
10001,ABC,40001,KG,16361
10001,ABC,40001,KG,15176
10001,ABC,40001,KG,31638
10001,ABC,40001,KG,11201
10001,ABC,40001,KG,15722
10001,ABC,40001,KG,16822
10001,ABC,40001,KG,18282
10001,ABC,40001,KG,15605
10002,ABC,40002,KG,34929
10002,ABC,40002,KG,28551
10002,ABC,40002,KG,15032
10071,ABC,40020,KG,14462
10006,GHI,40005,KG,26366
10003,DEF,40003,KG,27951
10004,DEF,40003,KG,10686
10010,GHI,40003,KG,18378
10001,ABC,40001,KG,12793
10001,ABC,40001,KG,22023
10001,ABC,40001,KG,17048
10001,ABC,40001,KG,17252
10001,ABC,40001,KG,17374
10001,ABC,40001,KG,28909
10002,ABC,40002,KG,16593
10058,ABC,40019,KG,23093
10001,ABC,40001,KG,21903
10001,ABC,40001,KG,24518
10001,ABC,40001,KG,14655
10001,ABC,40001,KG,16672
10075,ABC,40002,KG,30207
10001,ABC,40001,KG,22124
10001,ABC,40001,KG,24181
10001,ABC,40001,KG,13883
10001,ABC,40001,KG,16088
10001,ABC,40001,KG,19949
10017,ABC,40019,KG,20702
10007,ABC,40016,KG,22173
10007,ABC,40006,KG,18100
10022,DEF,40053,KG,14227
10013,ABC,40017,KG,24723
10013,GHI,40020,KG,16945
10018,GHI,40003,KG,8635
10003,DEF,40003,KG,31033
10004,DEF,40003,KG,33588
10013,GHI,40020,KG,21644
10001,ABC,40001,KG,30636
10001,ABC,40001,KG,27202
10001,ABC,40001,KG,9670
10002,ABC,40002,KG,24943
10002,ABC,40002,KG,21795
10075,ABC,40002,KG,24425
10075,ABC,40002,KG,30463
10003,DEF,40003,KG,22288
10004,DEF,40003,KG,22693
10005,ABC,40030,KG,14323
10008,ABC,40007,KG,28570
10001,ABC,40001,KG,30887
10001,ABC,40001,KG,23596
10001,ABC,40001,KG,25897
10001,ABC,40001,KG,13461
10001,ABC,40001,KG,28992
10001,ABC,40001,KG,32709
10001,ABC,40001,KG,19872
10001,ABC,40001,KG,11799
10002,ABC,40002,KG,19509
10002,ABC,40002,KG,12461
10013,ABC,40017,KG,8056
10013,ABC,40017,KG,20995
10013,ABC,40017,KG,13960
10003,DEF,40003,KG,19585
10004,DEF,40003,KG,13021
10007,ABC,40038,KG,26122
10006,ABC,40035,KG,24007
10057,ABC,40020,KG,19346
10001,ABC,40001,KG,22958
10001,ABC,40001,KG,21556
10001,ABC,40001,KG,24962
10001,ABC,40001,KG,25081
10001,ABC,40001,KG,31075
10001,ABC,40001,KG,2416
10001,ABC,40001,KG,20759
10002,ABC,40002,KG,20361
10002,ABC,40002,KG,30117
10004,DEF,40003,KG,16390
10003,DEF,40003,KG,15277
10010,DEF,40011,KG,21301
10013,ABC,40017,KG,11917
10011,DEF,40012,KG,20243
10011,DEF,40012,KG,38059
10001,ABC,40001,KG,25710
10001,ABC,40001,KG,15240
10001,ABC,40001,KG,11110
10001,ABC,40001,KG,21985
10001,ABC,40001,KG,26671
10001,ABC,40001,KG,13383
10001,ABC,40001,KG,33953
10002,ABC,40002,KG,21856
10075,ABC,40002,KG,19975
10075,ABC,40002,KG,25653
10075,ABC,40002,KG,22500
10012,ABC,40013,KG,16682
10008,ABC,40007,KG,22685
10004,DEF,40003,KG,22754
10018,GHI,40003,KG,28549
10003,DEF,40003,KG,17641
10005,ABC,40009,KG,32212
10001,ABC,40001,KG,29895
10001,ABC,40001,KG,15933
10001,ABC,40001,KG,5181
10001,ABC,40001,KG,19037
10001,ABC,40001,KG,22380
10001,ABC,40001,KG,22592
10001,ABC,40001,KG,18750
10001,ABC,40001,KG,26487
10001,ABC,40001,KG,23579
10001,ABC,40001,KG,26904
10001,ABC,40001,KG,19844
10001,ABC,40001,KG,19664
10001,ABC,40001,KG,20606
10002,ABC,40002,KG,12785
10002,ABC,40002,KG,20848
10075,ABC,40002,KG,15150
10075,ABC,40002,KG,23008
10075,ABC,40002,KG,23308
10012,ABC,40013,KG,23124
10041,ABC,40023,KG,21080
10021,DEF,40022,KG,8408
10004,DEF,40003,KG,19950
10003,DEF,40003,KG,23023
10042,ABC,40039,KG,26119
10013,ABC,40014,KG,18946
10013,ABC,40017,KG,33829
10036,ABC,40034,KG,20775
10009,ABC,40008,KG,11098
10075,ABC,40002,KG,17358
10075,ABC,40002,KG,15216
10043,ABC,40023,KG,25621
10043,ABC,40023,KG,17703
10007,ABC,40029,KG,17925
10007,ABC,40027,KG,29361
10007,ABC,40006,KG,31067
10007,ABC,40006,KG,18502
10007,ABC,40006,KG,33136
10018,GHI,40003,KG,27016
10001,ABC,40001,KG,18122
10001,ABC,40001,KG,42372
10001,ABC,40001,KG,21849
10075,ABC,40002,KG,26314
10005,ABC,40030,KG,10902
10044,GHI,40041,KG,17535
10006,GHI,40033,KG,6890
10022,DEF,40053,KG,20614
10022,DEF,40053,KG,21356
10013,ABC,40017,KG,19861
10045,ABC,40042,KG,16567
10003,DEF,40003,KG,9046
10004,DEF,40003,KG,14253
10011,DEF,40012,KG,21414
10016,ABC,40019,KG,20059
10001,ABC,40001,KG,18213
10001,ABC,40001,KG,17987
10001,ABC,40001,KG,23061
10001,ABC,40001,KG,20048
10001,ABC,40001,KG,22313
10001,ABC,40001,KG,14611
10001,ABC,40001,KG,17449
10002,ABC,40002,KG,14853
10012,ABC,40013,KG,27728
10072,ABC,40001,KG,16667
10072,ABC,40001,KG,18554
10004,DEF,40003,KG,22978
10003,DEF,40003,KG,29572
10013,ABC,40017,KG,24611
10072,ABC,40001,KG,12884
10072,ABC,40001,KG,12736
10072,ABC,40001,KG,24415
10072,ABC,40001,KG,20858
10072,ABC,40001,KG,20643
10001,ABC,40001,KG,30007
10001,ABC,40001,KG,19864
10001,ABC,40001,KG,15960
10001,ABC,40001,KG,28135
10001,ABC,40001,KG,7407
10001,ABC,40001,KG,17116
10001,ABC,40001,KG,19875
10002,ABC,40002,KG,20400
10002,ABC,40002,KG,18706
10075,ABC,40002,KG,20842
10075,ABC,40002,KG,8991
10004,DEF,40003,KG,15049
10003,DEF,40003,KG,21712
10010,DEF,40011,KG,32426
10028,ABC,40019,KG,20426
10007,ABC,40006,KG,29296
10006,GHI,40046,KG,20221
10013,GHI,40020,KG,17360
10012,ABC,40013,KG,25667
10001,ABC,40001,KG,16573
10001,ABC,40001,KG,28716
10001,ABC,40001,KG,28411
10001,ABC,40001,KG,24338
10001,ABC,40001,KG,14454
10002,ABC,40002,KG,15563
10002,ABC,40002,KG,11042
10002,ABC,40002,KG,22407
10002,ABC,40002,KG,15684
10072,ABC,40001,KG,28507
10072,ABC,40001,KG,20101
10004,DEF,40003,KG,17539
10003,DEF,40003,KG,21462
10007,ABC,40016,KG,16401
10015,ABC,40018,KG,31878
10019,ABC,40019,KG,22787
10001,ABC,40001,KG,15023
10001,ABC,40001,KG,20378
10001,ABC,40001,KG,17926
10001,ABC,40001,KG,22929
10002,ABC,40002,KG,12401
10002,ABC,40002,KG,13376
10072,ABC,40001,KG,22297
10072,ABC,40057,KG,22948
10072,ABC,40057,KG,31012
10072,ABC,40057,KG,11858
10072,ABC,40057,KG,11914
10003,DEF,40003,KG,12778
10004,DEF,40003,KG,13111
10005,ABC,40004,KG,25577
10013,GHI,40020,KG,10738
10013,GHI,40020,KG,22199
10017,ABC,40019,KG,26967
10001,ABC,40001,KG,14310
10001,ABC,40001,KG,11494
10002,ABC,40002,KG,10126
10002,ABC,40002,KG,7998
10013,ABC,40017,KG,30504
10007,ABC,40029,KG,13761
10004,DEF,40003,KG,16305
10003,DEF,40003,KG,31101
10018,GHI,40003,KG,36217
10013,ABC,40017,KG,30601
10013,ABC,40017,KG,7871
10013,ABC,40017,KG,18686
10011,DEF,40012,KG,8614
10001,ABC,40001,KG,18426
10001,ABC,40001,KG,6099
10002,ABC,40002,KG,14266
10002,ABC,40002,KG,20057
10072,ABC,40057,KG,4487
10072,ABC,40057,KG,12890
10004,DEF,40003,KG,14829
10003,DEF,40003,KG,24602
10011,DEF,40012,KG,23525
10007,ABC,40006,KG,12164
10009,ABC,40008,KG,12756
10009,ABC,40008,KG,26487
10027,ABC,40019,KG,19308
10001,ABC,40001,KG,30185
10001,ABC,40001,KG,21035
10002,ABC,40002,KG,13867
10002,ABC,40002,KG,36178
10075,ABC,40002,KG,24507
10075,ABC,40002,KG,21779
10075,ABC,40002,KG,19859
10072,ABC,40057,KG,25394
10072,ABC,40057,KG,26933
10006,GHI,40005,KG,27258
10008,ABC,40007,KG,19829
10010,DEF,40011,KG,20556
10001,ABC,40001,KG,10630
10001,ABC,40001,KG,16190
10001,ABC,40001,KG,2565
10001,ABC,40001,KG,26120
10002,ABC,40002,KG,22571
10012,ABC,40013,KG,11424
10005,ABC,40004,KG,21273
10018,GHI,40003,KG,22375
10001,ABC,40001,KG,19059
10004,DEF,40003,KG,38004
10004,DEF,40003,KG,22757
10003,DEF,40003,KG,26864
10003,DEF,40003,KG,12595
10022,DEF,40053,KG,33193
10001,ABC,40001,KG,6838
10001,ABC,40001,KG,18234
10001,ABC,40001,KG,26900
10001,ABC,40001,KG,22674
10013,ABC,40017,KG,15722
10013,GHI,40020,KG,17300
10013,ABC,40017,KG,24424
10007,ABC,40027,KG,13906
10006,ABC,40035,KG,26991
10004,DEF,40003,KG,34566
10003,DEF,40003,KG,17485
10028,ABC,40019,KG,22649
10001,ABC,40001,KG,20992
10001,ABC,40001,KG,9889
10075,ABC,40002,KG,19287
10075,ABC,40002,KG,27854
10006,GHI,40033,KG,25894
10004,DEF,40003,KG,9303
10003,DEF,40003,KG,24298
10013,GHI,40017,KG,20987
10005,ABC,40009,KG,7803
10012,ABC,40013,KG,28381
10011,DEF,40012,KG,27705
10001,ABC,40001,KG,17543
10001,ABC,40001,KG,32025
10001,ABC,40001,KG,25024
10001,ABC,40001,KG,27113
10001,ABC,40001,KG,22925
10001,ABC,40001,KG,8811
10002,ABC,40002,KG,17251
10019,ABC,40019,KG,12839
10003,DEF,40003,KG,18380
10004,DEF,40003,KG,23396
10005,ABC,40004,KG,6035
10007,ABC,40016,KG,15252
10013,ABC,40017,KG,21945
10013,ABC,40017,KG,32503
10007,ABC,40016,KG,7159
10013,ABC,40017,KG,13570
10013,ABC,40014,KG,14778
10006,GHI,40010,KG,19116
10013,GHI,40020,KG,22452
10011,DEF,40012,KG,30283
10010,DEF,40011,KG,17714
10010,DEF,40011,KG,15097
10001,ABC,40001,KG,22338
10001,ABC,40001,KG,17579
10001,ABC,40001,KG,24122
10001,ABC,40001,KG,22984
10001,ABC,40001,KG,27572
10001,ABC,40001,KG,15808
10002,ABC,40002,KG,23100
10002,ABC,40002,KG,19075
10075,ABC,40002,KG,33227
10012,ABC,40013,KG,7075
10003,DEF,40003,KG,15111
10004,DEF,40003,KG,10692
10007,ABC,40006,KG,26247
10058,ABC,40019,KG,30061
10049,ABC,40021,KG,16726
10048,ABC,40021,KG,15737
10050,ABC,40021,KG,22313
10049,ABC,40021,KG,16706
10002,ABC,40002,KG,16229
10002,ABC,40002,KG,16951
10002,ABC,40002,KG,5324
10001,ABC,40001,KG,18436
10001,ABC,40001,KG,15648
10001,ABC,40001,KG,14005
10001,ABC,40001,KG,19688
10001,ABC,40001,KG,22441
10001,ABC,40001,KG,22674
10075,ABC,40002,KG,13062
10009,ABC,40008,KG,16266
10004,DEF,40003,KG,15978
10012,ABC,40013,KG,28566
10006,GHI,40005,KG,20810
10018,GHI,40003,KG,15434
10001,ABC,40001,KG,26008
10001,ABC,40001,KG,11595
10001,ABC,40001,KG,26497
10001,ABC,40001,KG,18469
10001,ABC,40001,KG,22964
10075,ABC,40002,KG,14043
10017,ABC,40019,KG,19036
10021,DEF,40044,KG,10144
10025,ABC,40019,KG,7992
10004,DEF,40003,KG,22009
10004,DEF,40003,KG,15052
10003,DEF,40003,KG,26296
10084,ABC,40057,KG,30116
10084,ABC,40057,KG,29980
10001,ABC,40001,KG,22873
10001,ABC,40001,KG,23800
10001,ABC,40001,KG,9339
10001,ABC,40001,KG,11586
10002,ABC,40002,KG,16763
10002,ABC,40002,KG,23116
10002,ABC,40002,KG,13858
10075,ABC,40002,KG,21368
10004,DEF,40003,KG,19683
10003,DEF,40003,KG,17858
10007,ABC,40006,KG,18022
10007,ABC,40029,KG,32405
10007,ABC,40038,KG,6238
10013,GHI,40014,KG,26138
10013,GHI,40017,KG,21095
10036,ABC,40034,KG,15855
10066,GHI,40025,KG,15464
10067,GHI,40025,KG,10441
10030,GHI,40025,KG,31859
10054,ABC,40019,KG,13656
10001,ABC,40001,KG,16986
10001,ABC,40001,KG,18892
10001,ABC,40001,KG,20480
10001,ABC,40001,KG,14509
10001,ABC,40001,KG,26589
10001,ABC,40001,KG,19688
10002,ABC,40002,KG,23023
10012,ABC,40013,KG,10917
10003,DEF,40003,KG,7431
10004,DEF,40003,KG,13300
10011,DEF,40012,KG,17887
10056,ABC,40069,KG,10598
10001,ABC,40001,KG,13230
10001,ABC,40001,KG,33855
10013,ABC,40017,KG,19779
10013,ABC,40017,KG,29941
10001,ABC,40001,KG,27603
10001,ABC,40001,KG,30154
10001,ABC,40001,KG,24306
10001,ABC,40001,KG,28447
10001,ABC,40001,KG,15091
10001,ABC,40001,KG,14262
10001,ABC,40001,KG,20125
10002,ABC,40002,KG,16194
10002,ABC,40002,KG,15332
10002,ABC,40002,KG,2503
10002,ABC,40002,KG,22620
10006,GHI,40033,KG,24521
10004,DEF,40003,KG,20078
10003,DEF,40003,KG,21252
10006,GHI,40033,KG,15906
10013,GHI,40020,KG,27692
10003,DEF,40003,KG,7082
10004,DEF,40003,KG,20205
10013,GHI,40020,KG,14191
10010,DEF,40011,KG,28751
10001,ABC,40001,KG,17113
10001,ABC,40001,KG,20760
10001,ABC,40001,KG,29968
10003,DEF,40003,KG,19091
10006,ABC,40035,KG,17908
10007,ABC,40029,KG,23909
10007,ABC,40006,KG,13964
10013,ABC,40017,KG,23123
10013,ABC,40017,KG,20482
10012,ABC,40013,KG,10847
10008,ABC,40007,KG,7296
10024,GHI,40025,KG,29205
10001,ABC,40001,KG,17775
10001,ABC,40001,KG,21290
10001,ABC,40001,KG,32597
10001,ABC,40001,KG,18959
10001,ABC,40001,KG,16684
10001,ABC,40001,KG,25992
10001,ABC,40001,KG,25392
10001,ABC,40001,KG,24064
10002,ABC,40002,KG,21266
10002,ABC,40002,KG,35818
10022,DEF,40023,KG,12092
10004,DEF,40003,KG,27437
10003,DEF,40003,KG,30751
10006,GHI,40005,KG,24018
10041,ABC,40023,KG,16762
10005,ABC,40009,KG,14200
10005,ABC,40030,KG,18079
10042,ABC,40039,KG,22275
10007,ABC,40006,KG,12259
10013,ABC,40017,KG,13158
10012,ABC,40013,KG,27492
10018,GHI,40003,KG,25478
10011,DEF,40012,KG,32146
10001,ABC,40001,KG,30067
10001,ABC,40001,KG,646
10001,ABC,40001,KG,19871
10001,ABC,40001,KG,19422
10001,ABC,40001,KG,17454
10001,ABC,40001,KG,31442
10005,ABC,40009,KG,24100
